id,nombre,resumen_descripcion
1,Antropología Social y Cultural,"Conocer y apreciar la diversidad cultural, explicar las causas de esta variedad y desarrollar el estudio comparado de sociedades humanas. Conocer ámbitos temáticos antropológicos como economía, parentesco, política, religión y sistemas simbólicos en relación con la diversidad cultural."
2,Antropología Social y Cultural,"Conocer y apreciar la diversidad de sociedades y culturas humanas, explicar las causas de esta variedad y comprender sus implicaciones sociales. Estudiar comparativamente las sociedades humanas, analizando ámbitos como economía, parentesco, política, religión y sistemas simbólicos."
3,Bellas Artes,"El Grado en Bellas Artes forma artistas plásticos y les proporciona una formación teórica, práctica y metodológica en las artes visuales. Se enfoca en la conservación del patrimonio artístico, la educación estética y la investigación en arte puro y aplicado."
4,Conservación y Restauración del Patrimonio Cultural,"El Grado en Conservación y Restauración del Patrimonio Cultural forma a conservadores restauradores para preservar y transmitir el patrimonio cultural a futuras generaciones, asegurando su uso actual y respetando su significado social y espiritual."
5,Artes Escénicas,"El Grado en Artes Escénicas capacita a jóvenes en actores, guionistas y directores escénicos para el sector del teatro, cine y televisión."
6,Artes Escénicas e Interpretación Audiovisual,"Este grado forma actores con sólida base dramática, habilidades interpretativas y formación académica. Se enfoca en el dominio del verso, danza y canto clásico y contemporáneo, así como la improvisación y técnicas de interpretación en cine y televisión."
7,Efectos Visuales,"Este grado busca formar actores versátiles con sólida base dramática, habilidades en canto, danza y improvisación, así como una formación académica teórica y cultural. Se enfoca en la interpretación de textos dramáticos y su aplicación creativa a escena, con un enfoque empresarial y emprendedor."
8,Artes Visuales y Danza,"Esta investigación combina danza y artes visuales. Analiza el entrenamiento físico y mental de bailarines, así como aspectos técnicos como iluminación, sonido y diseño escénico. También estudia la difusión global de la danza a través de las artes visuales y su impacto en la industria del entretenimiento."
9,Cinematografía,"Los graduados en Cine estarán capacitados para tomar decisiones y crear nuevos contenidos audiovisuales en plataformas actuales. Deben tener interés por imagen, sonido, fotografía, montaje y postproducción. Serán capaces de idear propuestas y gestionar recursos para lograr el mejor resultado."
10,Bachelor in Filmmaking,"El graduado en Cine estará capacitado para tomar decisiones, asumir riesgos y crear cambios en el desempeño profesional en la creación de contenidos audiovisuales. Deberá tener interés por diversas áreas como imagen, sonido, fotografía y montaje, e idear nuevas propuestas para aprovechar oportunidades en el mercado audiovisual."
11,Fotografía y Creación Audiovisual,"El Grado en Fotografía y Creación Audiovisual proporciona una sólida capacitación técnica, artística y cultural para formar parte de la industria multimedia y las Artes Visuales. El plan de estudios incluye fundamentos fotográficos, perspectiva empresarial y conocimiento tecnológico aplicado."
12,Composición Musical,"El Grado en Composición Musical forma compositores altamente cualificados para crear música en todos los géneros y estilos, integrando tecnologías y audiovisuales. Los estudiantes adquirirán conocimientos y experiencia práctica para afrontar la composición musical en diferentes géneros y estilos, cuidando las facetas artística, creativa y técnica."
13,Interpretación de Música Moderna,El Grado en Interpretación de Música Moderna forma intérpretes en lenguajes de música moderna y estilos creativos como el flamenco y el Jazz.
14,Diseño de Interiores,"La titulación forma a alumnos con un perfil multidisciplinar para desarrollar su actividad profesional en diversas áreas. Deben poseer conocimientos básicos de diseño digital, gráfico e industrial y adquirir habilidades artísticas, humanísticas y técnicas para crear espacios habitados más atractivos, confortables y mejor equipados."
15,Bachelor in Interior Design,"El título forma a profesionales multidisciplinares capaces de diseñar espacios interiores variados. Se forman con conocimientos de diseño digital, gráfico e industrial y artísticos, humanísticos y técnicos. Deben ser creativos, éticos y administradores de recursos humanos. Pueden proyectar residenciales, comerciales, efímeros, públicos o colectivos."
16,Diseño,"El Grado en Diseño combina teoría y práctica con otras disciplinas como Arte, Arquitectura y Comunicación. Ofrece cuatro menciones: Diseño gráfico, Interiores, Producto y Moda."
17,Gestión y Comunicación de la Moda,"El Grado en Diseño de moda combina formación técnica con conocimientos transversales como creatividad, estética e historia del arte para preparar a los estudiantes para el Espacio Europeo de Educación Superior."
18,Diseño Integral y Gestión de la Imagen,"Forma profesionales del diseño comprometidos con las necesidades de usuarios y sociedad. Capaces de diseñar productos gráficos, objetos funcionales y espacios en todos los aspectos del proceso."
19,Diseño Multimedia y Gráfico,"La carrera de Diseño Multimedia y Gráfico ofrece una preparación multidisciplinar con un enfoque técnico y práctico. Combina habilidades técnicas con conocimientos transversales como creatividad, estética e historia del arte."
20,Diseño Gráfico y Multimedia,"La carrera de Diseño Multimedia y Gráfico ofrece una preparación multidisciplinar con un enfoque técnico y práctico. Combina habilidades técnicas con conocimientos transversales como creatividad, estética e historia del arte."
21,Diseño Audiovisual e Ilustración,"El Grado en Diseño Audiovisual e Ilustración forma ilustradores y diseñadores autosuficientes capaces de crear productos y comunicaciones integrales. Los estudiantes aprenderán a trabajar en áreas como audiovisuales, animación, diseño editorial y UX/UI utilizando herramientas como Photoshop, Illustrator y Adobe Premiere."
22,Diseño de Videojuegos,"Los planes de estudios ofrecen una formación multidisciplinar técnica y artística que prepara a los estudiantes para trabajar en sectores como el diseño y desarrollo de videojuegos, informática y diseño. Los alumnos aprenderán sobre desarrollo de software, bases de datos, redes y comunicaciones, matemáticas y física fundamental. También recibirán formación en programación, dibujo técnico y digital, y proyectos de comunicación audiovisual y diseño gráfico."
23,Diseño y Desarrollo de Videojuegos y Entornos Virtuales,"El plan de estudios combina formación técnica y artística para preparar a los estudiantes para trabajar en sectores como el diseño y el desarrollo de videojuegos. Los alumnos aprenderán sobre programación, bases de datos, redes y comunicaciones, matemáticas y física fundamental. También desarrollarán habilidades creativas y técnicas de dibujo digital. La formación transversal incluye trabajos en equipo, prácticas en empresas y asignaturas específicas para aprender a gestionar proyectos y planificar la creación de videojuegos."
24,Animación,"Este Grado forma profesionales en animación con conocimientos artísticos, técnicos y creativos para diseñar, crear y desarrollar contenido digital para cine, televisión, video especializado o plataformas de distribución."
25,Diseño Digital,El Grado en Diseño Digital desarrolla la vocación artística y el amor por el arte y el diseño. Dota al alumno de conocimientos y fundamentos artísticos y de diseño para crear comunicaciones gráficas o audiovisuales innovadoras.
26,Arte Digital y Tecnologías creativas,"El Grado en Arte Digital capacita para ser un artista de videojuegos, diseñador o profesional de animación. Requiere conocimientos previos en artes y tecnología, observación y análisis, e inquietudes intelectuales y sociales."
27,Estudios Culturales,"El Grado en Estudios Culturales forma profesionales que entienden la complejidad de las sociedades urbanas y cosmopolitas. Ofrece instrumentos teóricos, analíticos y metodológicos para desarrollar la labor como analistas, creadores o gestores en la industria cultural."
28,"Estudios de Asia y África: Árabe, Chino y Japonés","El estudiante profundizará en la comprensión de las sociedades y culturas de Asia y África mediante el dominio de una lengua árabe, china o japonesa. Conocerá un área concreta de Asia y África a través de un aprendizaje multidisciplinar y será capaz de distinguir las principales corrientes filosóficas y culturales del mundo árabe e islámico o de Asia Oriental."
29,Estudios Semíticos e IslámicosÁrea de Estudios Semíticos e Islámicos Rama de conocimiento Artes y Humanidades,"La titulación ofrece formación rigurosa sobre lenguas árabe, hebrea y aramea, así como literaturas y manifestaciones culturales islámicas y judías."
30,Filosofía,"El Grado en Filosofía aborda problemas universales de la vida humana, promoviendo pensamiento independiente y resistencia a la propaganda. Contribuye al entendimiento y tolerancia entre personas y culturas, formando ciudadanos libres y responsables."
31,Ciencias de las Religiones,"El objetivo es que los estudiantes comprendan la interrelación entre el pensamiento filosófico y el desarrollo de creencias religiosas. Deben conocer las principales etapas de la filosofía occidental, sus representantes y aplicar conocimientos a la reflexión y debate filosófico. También deben comprender los fundamentos y crítica racionales de las creencias y el estudio de las religiones."
32,Arqueología,La Arqueología es una ciencia interdisciplinar que estudia los pueblos y culturas antiguos a través de restos y tecnologías avanzadas. La titulación en Arqueología forma arqueólogos con conocimientos de historia y habilidades para interpretar la Prehistoria hasta la contemporaneidad.
33,Geografía e Historia,"Este grado estudia la climatología, morfología terrestre, geología y sus implicaciones en el desarrollo económico y social. También analiza las relaciones entre el hombre y su entorno, incluyendo conflictos y presión del espacio en la sociedad."
34,Historia,"La Historia es la ciencia que estudia el tiempo y su evolución. Los historiadores buscan comprender el pasado, ubicando eventos en su contexto mediante cronología y otras ciencias auxiliares como paleografía y numismática. El título de Grado en Historia forma a estudiantes para investigar y enseñar la Historia desde la Prehistoria hasta el mundo actual."
35,Historia del Arte,"Formar profesionales con conocimiento global en Historia del Arte y Humanidades, capaces de liderar proyectos y adaptarse a entornos en constante evolución, promoviendo la igualdad y los Derechos Humanos."
36,Musicología,"Formar expertos en música, analizando sus métodos, técnicas, orígenes, evolución y implicaciones sociales y culturales."
37,Humanidades,"Estudios interdisciplinarios para aplicar conceptos humanistas en campos como la gestión cultural, sanitaria, de información y científica."
38,"Ciencia, Tecnología y Humanidades","El Grado en Ciencia, Tecnología y Humanidades forma profesionales capaces de abordar retos transversales del siglo XXI. Combina ciencias y humanidades para comprender la conexión entre ciencia, tecnología y sociedad."
39,Español: Lengua y Literatura,"Los estudios de Lengua Española son uno de los más antiguos en España. La demanda del español como lengua de relación es cada vez mayor, especialmente debido a su importancia demográfica, geográfica y económica en América y Europa."
40,Estudios Hispánicos,"El título de Grado en Estudios Hispánicos forma profesionales con capacidad de expresión y comprensión del español, conocimiento de una lengua extranjera y habilidades para analizar la realidad lingüística, histórica, cultural y literaria de los países hispanohablantes."
41,Estudios Hispánicos: Lengua Española y sus Literaturas,"Este grado enseña a los estudiantes a utilizar el español en contextos profesionales y académicos, analizar la literatura española e introducirse en la investigación lingüística y literaria."
42,Lengua y Literatura Española,"El Grado en Lengua y Literatura española forma profesionales con un perfil definido, enfocado en el desarrollo humanístico. Las materias estimulan la argumentación, interpretación de datos y evaluación crítica."
43,Estudios Clásicos y de la Antigüedad,"Este grado combina el estudio de las lenguas y literaturas clásicas con la historia y arqueología de la Antigüedad, incluyendo Egipto y Oriente. Se pueden cursar dos itinerarios: Tradición documental o Cultura y lenguas clásicas."
44,Filología Clásica,"Estos estudios proporcionan una formación filológica general y conocimiento profundo de las lenguas clásicas. El estudiante conoce civilizaciones griega y latina a través del estudio de sus lenguas y escritos, incluyendo asignaturas obligatorias y optativas para especializarse en lingüística y literatura."
45,Estudios Ingleses,"Adquirirán conocimientos avanzados de la lengua inglesa, incluyendo teoría y aplicación, literatura, historia y cultura de países de habla inglesa. Desarrollarán habilidades para comunicarse en inglés, negociar, redactar informes y presentar producciones en público."
46,Estudios HispanoAlemanes,"El Grado en Estudios HispanoAlemanes es un título interdisciplinar e internacional que se imparte en la Universidad Complutense de Madrid y Ratisbona. Ofrece formación en lenguas, historia, política, filosofía, literatura y cultura alemana y española. Los graduados reciben un título oficial en España, Alemania y toda la UE, capacitándolos para seguir estudios de posgrado o trabajar en el mercado laboral internacional."
47,"Lenguas Modernas, Cultura y Comunicación: español, francés o inglés","El Grado en Lenguas Modernas, Cultura y Comunicación ofrece formación en dos lenguas, abordando su conocimiento, literatura y cultura desde la comunicación multilingüe. Se pueden elegir español, francés o inglés como primera lengua y alemán, árabe, chino o japonés como segunda. El objetivo es capacitar al egresado para trabajar en comunicación multilingüe con visión crítica de la información y el conocimiento."
48,Lenguas Modernas y sus Literaturas,La filología moderna en la UCM tiene más de medio siglo de existencia y una buena reputación nacional e internacional. La globalización y las tecnologías plantean la necesidad de una formación intercultural que incluya el conocimiento de varias lenguas y culturas.
49,Paisajismo,"La educación en paisajismo abarca áreas como historia del arte, botánica, diseño y planificación, gestión ambiental, tecnología y políticas públicas."
50,Lenguas Modernas y Traducción,El Grado en Lenguas Modernas y Traducción forma profesionales polivalentes que pueden actuar como traductores y mediadores en diferentes lenguas modernas. Los estudiantes se forman en dos lenguas (inglés y alemán o inglés y francés) y aprenden técnicas básicas de traducción general y especializada.
51,Traducción e Interpretación,"La titulación proporciona conocimientos para formar profesionales en traducción e interpretación, con especialización en diferentes idiomas. Se estudian problemas lingüísticos como ortografía, fonología y semántica."
52,Antropología Social y Cultural,"Esta titulación ofrece conocimiento y comprensión sobre la diversidad de sociedades y culturas humanas, permitiendo explicar las causas de esta variedad. Se desarrolla el estudio comparado de las sociedades humanas en ámbitos como economía, parentesco, política, religión y sistemas simbólicos."
53,Antropología Social y Cultural,"Esta titulación ofrece una comprensión de la diversidad de sociedades y culturas humanas, permitiendo explicar las causas de esta variedad. Conocer y desarrollar el estudio comparado de las sociedades humanas en ámbitos como economía, parentesco, política, religión y sistemas simbólicos."
54,Ciencias de la Actividad Física y del Deporte,"Formar profesionales del deporte capacitados en teoría y práctica de disciplinas deportivas. Se abordan técnicas especializadas, reglamento, cuidados y condiciones físicas necesarias."
55,Ciencias de la Actividad Física y del Deporte,"Formar profesionales del deporte capacitados en teoría y práctica de cualquier disciplina deportiva, incluyendo técnicas especializadas, cuidados y condiciones físicas necesarias."
56,Gestión Deportiva,"El Grado en Gestión Deportiva forma a profesionales en turismo deportivo, marketing deportivo, gestión de centros deportivos y asesoría de instalaciones deportivas."
57,Gestión Deportiva,"El Grado en Gestión Deportiva forma a profesionales en turismo deportivo, marketing deportivo, gestión de centros deportivos y asesoría de instalaciones deportivas."
58,"Ciencias del Trabajo, Relaciones Laborales y Recursos Humanos","La titulación forma especialistas en dirección y gestión de Recursos Humanos, con conocimientos jurídicos, económicos y sociológicos laborales. Se prepara para el sector privado y público, profundizando en áreas profesionales como Relaciones Laborales o Trabajo Social."
59,Relaciones Laborales y Recursos Humanos,"Los estudios de relaciones laborales se remontan a la década de los años veinte en España. Fueron diseñados para perfiles profesionales claros como directores de recursos humanos y mediadores laborales. Combina prácticamente todas las ciencias sociales, incluyendo áreas jurídicas, económicas y psicológicas."
60,Relaciones Labores y Empleo,"La titulación forma integralmente a los estudiantes sobre las relaciones laborales y el empleo en Europa, abarcando Economía, Sociología, Ciencia Política, Psicología y Derecho."
61,Ciencias Políticas,"El grado en Ciencias Políticas ofrece una formación pluridisciplinar centrada en el análisis de los procesos políticos contemporáneos. Se incluyen conocimientos teóricos y prácticos sobre comunicación política, comportamiento electoral, instituciones y políticas públicas, entre otros."
62,Ciencia Política y Gestión Pública,"Los títulos de grado son formaciones generalistas que combinan ciencia política, administración, economía, derecho, historia y sociología."
63,Ciencia Política y de la Administración,"Este grado abarca objetivos en Ciencias Sociales, incluyendo aspectos teóricos y prácticos de la investigación y aplicación de conocimientos."
64,Gestión y Administración Pública,"El título de Graduado en Gestión y Administración Pública ofrece formación en bases teóricas y técnicas de gestión administrativa y financiera, enfocada en las Administraciones Públicas."
65,Historia y Política,El Grado en Historia y Política ofrece una formación interdisciplinar que combina conocimientos históricos con categorías políticas. Se busca que los estudiantes adquieran una comprensión global de los procesos del cambio político en perspectiva histórica. Se recomienda haber cursado Humanidades o Ciencias Sociales en el bachillerato.
66,Estudios Internacionales,"Se busca formar especialistas internacionales con base científica sólida y carácter interdisciplinar para desempeñar labores de dirección, gestión y análisis en relaciones internacionales."
67,Bachelor of European Studies (BAES),"Se busca formar especialistas internacionales con base científica sólida y carácter interdisciplinar para desempeñar labores de dirección, gestión y análisis en relaciones internacionales."
68,Sociología,"El objetivo de esta titulación es proporcionar una formación científica sobre la Sociología. Se estudian las colectividades, estructuras sociales, cambios y desviaciones sociales, historia política y social. El grado en Sociología analiza el comportamiento de los grupos sociales y sus cambios."
69,Comercio,"El Grado en Comercio forma profesionales capacitados para desempeñar labores en departamentos de organizaciones. Se enfoca en habilidades como gestión integral, comunicación y negociación internacional, dirección de equipos y ventas."
70,Marketing y Comunicación,El Grado en Marketing forma profesionales con conocimientos económicos y empresariales para desarrollar funciones en marketing en instituciones públicas o privadas.
71,CC. Jurídicas de las Administraciones Públicas,"El grado estudia el régimen jurídico y la actuación de las Administraciones Públicas, preparando a los estudiantes para acceder y progresar en su seno. Se abordan normas de funcionamiento, instrumentos de gestión y dirección."
72,Criminología,"La Criminología estudia la delincuencia y su control. Busca entender cómo prevenir y tratar la delincuencia, así como desarrollar modelos de prevención y técnicas de investigación y tratamiento para víctimas."
73,Seguridad,"La criminología estudia la delincuencia y su control. Busca entender por qué, cómo, cuándo y bajo qué circunstancias se cometen crímenes, relacionados con los acontecimientos sociales, culturales y políticos de las sociedades."
74,Derecho,"El Grado en Derecho proporciona una formación científica en derecho básico y aplicado. Capacita para defender intereses y derechos de personas físicas y jurídicas, elaborar dictámenes legales y asesoramiento jurídico. Se enfoca en la sistematización de información y documentación con sistemas avanzados de tratamiento de datos."
75,Derecho Sorbona (Titulación Internacional),"El curso aborda los fundamentos históricos, filosóficos y constitucionales de la jurisdicción española y francesa, incluyendo la organización estatal, derechos y libertades, instituciones públicas y privadas. También se cubren áreas como el derecho administrativo, civil, comparado público y privado, mercantil, penal y procesal, así como su relación con la economía y la competencia."
76,"Filosofía, Política, Derecho y Economía","Formar profesionales con sólida formación en ciencias políticas y economía, con base en análisis crítico y moral. Movilidad interuniversitaria en todos los años de la carrera."
77,Economía,"Los estudios de Economía se centran en proporcionar una formación científica en economía y análisis económico, abordando temas como producción, gasto e inversión para interpretar situaciones y resolver problemas prácticos."
78,Economía y Finanzas,"El Grado en Economía y Finanzas forma profesionales con sólida formación en economía, métodos cuantitativos y finanzas para labores de gestión, asesoramiento y evaluación en ámbitos económicos financieros."
79,Dirección Internacional de Negocios,"Los estudios se centran en proporcionar formación científica en economía y análisis económico. Los estudiantes deben interesarse por el funcionamiento de la economía, comercio exterior e instituciones internacionales. Se busca desarrollar habilidades para interpretar datos numéricos, analizar y sintetizar información económica, y expresarse de manera clara."
80,Bachelor in International Business Management,"Los estudios se centran en proporcionar formación científica en economía y análisis económico. Los estudiantes deben interesarse por el funcionamiento de la economía, comercio exterior e instituciones internacionales. Se requiere capacidad para interpretar datos numéricos, analizar y sintetizar información económica."
81,"Finanzas, Banca y Seguros Un","La titulación ofrece formación profesional en finanzas, bancos y seguros, adaptada a las demandas españolas y europeas. Se dominan técnicas para implementar estrategias financieras y evaluar entidades financieras. También se analiza la situación patrimonial y competitiva de empresas financieras."
82,Contabilidad y Finanzas,"Las enseñanzas están diseñadas para profesionales que desarrollarán su carrera en finanzas, banca, auditoría y consultoría. Ofrece formación específica en finanzas y contabilidad, junto con economía, métodos cuantitativos e informática."
83,Economía Financiera y Actuarial,"La titulación ofrece especialización en finanzas y seguros. Los estudiantes aprenden derecho laboral y mercantil, estadística, contabilidad, economía y matemáticas financieras para graduarse en Economía Financiera y Actuarial."
84,Análisis de Negocios,"Este grado combina análisis de datos masivos con habilidades en negocios y tecnología. Los estudiantes aprenden a identificar problemas, analizar grandes cantidades de datos y tomar decisiones informadas. Se enfoca en competencias como liderazgo, trabajo en equipo, pensamiento crítico y compromiso ético."
85,Business Analytics,"Este grado combina administración, análisis estadístico y tecnología para analizar grandes cantidades de datos en el ámbito empresarial. Los estudiantes aprenden a identificar problemas, diseñar proyectos e informes digitales y tomar decisiones basadas en datos cuantitativos y cualitativos."
86,Analítica de Negocio,"Este grado combina análisis de datos masivos con habilidades en negocios y tecnología. Se centra en identificar relaciones significativas en grandes conjuntos de datos. Los estudiantes aprenden a organizar, sistematizar y planificar para resolver problemas complejos, analizar datos cuantitativos y cualitativos, y tomar decisiones informadas. También se enfoca en habilidades blandas como liderazgo, trabajo en equipo, comunicación y pensamiento crítico."
87,Magisterio en Educación Infantil,"Profesionales que se encargan de la educación de niños en su etapa de mayor desarrollo psicológico y social, trabajando habilidades como expresión, comunicación y observación del entorno."
88,Magisterio en Educación Primaria,"Profesionales con competencia laboral en educación para niños, orientando su desarrollo y aprendizaje en áreas como arte, idiomas y ciencias sociales."
89,Educación Social,"La Educación Social responde a necesidades educativas y sociales en áreas como educación de adultos, formación en la infancia y adolescencia, reinserción social de personas con minusvalías, etc. Ofrece formación para sectores como justicia, bienestar social, educación y animación sociocultural."
90,Pedagogía,"El título de Graduado en Pedagogía forma a profesionales especializados en la gestión de cambios y asesoramiento educativo. Estudia métodos educativos, procesos de aprendizaje y variaciones en sistemas de enseñanza."
91,Comportamiento y Ciencias Sociales,"Este programa multidisciplinario aborda la comprensión del comportamiento humano desde diferentes ámbitos sociales. No es un Grado de Psicología, sino una formación holística que combina Ciencias Sociales para analizar y influir en el comportamiento humano. Se enfoca en desarrollar profesionales capaces de ayudar a empresas y organizaciones a ser más competitivas y centradas en el cliente."
92,Administración de Empresas,"El grado aborda aspectos jurídicos y financieros en la gestión de empresas y organismos públicos o privados. Se forma a profesionales capaces de identificar iniciativas, gestionar empresas, resolver problemas de dirección y realizar asesoría empresarial."
93,Administración y Dirección de Empresas,"La plataforma ofrece contenido jurídico y económico para formar a profesionales en dirección de empresas. Cubre aspectos como costes, contabilidad, financiación y toma de decisiones."
94,Dirección y Gestión de Empresas en el Ámbito Digital,"El Grado en Dirección y Gestión de Empresas en el Ámbito Digital forma a profesionales para gestionar empresas en entornos digitales. Se adquieren conocimientos sobre la economía digital, gestión de información y herramientas digitales para comunicarse y colaborar eficientemente."
95,"Creación, Administración y Dirección de Empresas","El objetivo es formar profesionales en planificación, organización, gestión y control para liderar proyectos nacionales e internacionales. Los graduados estarán capacitados para dirigir empresas y equipos, con visión integral de la empresa."
96,Emprendimiento y Gestión de Empresas,"El Grado en Emprendimiento y Gestión de Empresas prepara profesionales para planificar, lanzar y dirigir un nuevo negocio con enfoque en creatividad e innovación. Los graduados tendrán conocimientos en producción, finanzas, equipos autogestionados y creación de proyectos. Deberán liderar y ser emprendedores en un contexto colaborativo y aplicar habilidades empresariales para generar ideas y estrategias efectivas."
97,Gastronomía,"El Grado en Gastronomía forma a estudiantes para desempeñar funciones directivas en hotelería, restauración e industria alimentaria. Ofrece formación internacional en tres idiomas y estancia en universidades asociadas. Se imparte con menciones en Alta Cocina y Hoteles y Restaurantes."
98,Gastronomía e Innovación Culinaria,"El Grado en Gastronomía e Innovación Cu linaria es un título oficial que combina gastronomía, empresa y agronomía. Ofrece dos menciones: Creatividad Gastronómica y Gestión Gastronómica. Se imparte en Madrid Culinary Campus con profesionales destacados de cada disciplina."
99,Empresa y Tecnología,"Formar profesionales que entiendan la empresa y dominen herramientas tecnológicas, especialmente analíticas e informáticas, enfocadas en gestión, innovación, internacionalización y sistemas de información para adaptarse al nuevo ecosistema empresarial."
100,Bachelor of Management and Tecnology,"Formar profesionales que entiendan la empresa y desarrollen proyectos con habilidades analíticas e informáticas en gestión, innovación, internacionalización y sistemas de información."
101,Gestión Empresarial basada en el Análisis de Datos (Business Analytics),El Grado en Business Analytics proporciona competencias personales y profesionales para desarrollar puestos clave en empresas. Se centra en el análisis de datos y su interpretación para tomar decisiones estratégicas.
102,Inteligencia de Negocios Business Intelligence,"El Grado en Inteligencia de Negocios integra estudios ADE y Empresariales con Business Data & Analytics. Proporciona formación integral como analista de datos y herramientas técnicas para ofrecer soluciones a empresas, con un sólido conocimiento de la gestión empresarial y capacidad para resolver problemas creativa e innovadoramente."
103,Estadística AplicadaÁrea de Estadística Rama de conocimiento Ciencias Sociales y Jurídicas,El Grado en Estadística Aplicada forma profesionales en estadística con un carácter práctico. Los titulados manejarán datos para resolver problemas reales y tomar decisiones informadas en diferentes campos de aplicación.
104,Estadística y Empresa,"El Grado en Estadística y Empresa forma profesionales que aplican métodos estadísticos para tomar decisiones en entornos empresariales complejos. Los egresados tienen una base matemática e informática sólida, cubriendo temas de estadística y gestión empresarial."
105,Ciencia de los Datos Aplicada,"El Grado en Ciencia de los Datos Aplicada forma a científicos de datos capaces de recopilar, procesar y analizar información. Se adquieren habilidades para adaptarse a avances tecnológicos y desarrollan competencias organizativas y comunicativas. Los estudiantes aprenden técnicas estadísticas, análisis de datos y programación para resolver problemas en diferentes ámbitos."
106,Geografía y Ordenación del Territorio,Los estudios de Geografía y Ordenación del Territorio ofrecen formación científica en geografía básica y análisis territorial.
107,Gestión Urbana,"El Grado en Gestión Urbana forma un perfil interdisciplinar que comprende la complejidad urbana. El graduado puede colaborar con equipos de profesionales y utilizar herramientas digitales para diagnosticar, analizar y encontrar soluciones a problemas urbanos contemporáneos."
108,Bachelor of Urban Management,"El Grado en Gestión Urbana forma un perfil emprendedor interdisciplinar que conoce y negocia la complejidad urbana. El graduado puede colaborar con equipos de profesionales para diagnosticar, analizar y resolver problemas urbanos contemporáneos."
109,Estudios Urbanos,"El Grado en Gestión Urbana forma un perfil interdisciplinar que entiende y gestiona la complejidad urbana. El graduado puede colaborar con profesionales de diversas áreas, utilizar herramientas digitales y diagnosticar soluciones a problemas urbanos contemporáneos."
110,Gestión Aeronáutica,"El Grado en Gestión Aeronáutica se centra en la administración de empresas aeroportuarias y servicios relacionados, como líneas aéreas y fabricantes de aeronaves. El objetivo es que los estudiantes adquieran conocimientos sobre la gestión del sector del transporte aéreo comercial."
111,Información y Documentación,"Este grado selecciona, gestiona y preserva información para su uso por terceros, considerando el entorno digital actual. Las nuevas tecnologías, especialmente Internet, han cambiado los hábitos de trabajo en la cadena documental."
112,Lengua de Signos Española y Comunidad SordaÁrea de Lengua de Signos Rama de conocimiento Ciencias Sociales y Jurídicas,"Este grado enseña a los estudiantes sobre la Comunidad Sorda y Sordociega, su cultura y necesidades. También se aprenden técnicas de interpretación para personas sordociegas y la Lengua de Signos Española."
113,Comunicación Audiovisual,"Los estudios en Comunicación preparan profesionales para crear y producir contenido audiovisual, como cine, televisión o radio. Se enfoca en la creación de historias, guiones y persuasión a través de los medios."
114,Gestión y Comunicación de la Moda,"El Grado en Diseño de moda combina formación técnica con conocimientos transversales como creatividad, estética e historia del arte para preparar a los estudiantes para el mercado laboral en el Espacio Europeo de Educación Superior."
115,Comunicación y Medios Digitales,"El Grado en Periodismo forma a universitarios para transmitir noticias, redactar artículos y expresarse adecuadamente en diferentes medios. El objetivo es formar periodistas capaces de realizar la función informativa con rigor y profundidad, interpretando la realidad basada en hechos veraces."
116,Publicidad,"El título oficial de Grado en Publicidad requiere conocimientos sobre publicidad y relaciones públicas, técnicas de gestión, estructura de medios publicitarios y procesos de elaboración de mensajes publicitarios."
117,Publicidad y Relaciones Públicas,"Los estudios en Publicidad y Relaciones Públicas preparan a los estudiantes para crear, diseñar y producir comunicación publicitaria y estratégica de relaciones públicas."
118,Publicidad Creativa,"El título de Grado en Publicidad Creativa forma profesionales con visión generalista y versátil de la comunicación persuasiva, capaces de planificar estratégicamente, crear contenido y dirigir comunicación en empresas y organizaciones."
119,Publicidad y Creación de Marca,"El objetivo es formar profesionales adaptados a contextos digitales y competencia. La creación de marca implica definir acciones que influyen en el valor de la marca, incluyendo imagen corporativa, colores empresariales e identidad corporativa. Un branding acertado construye un valor distintivo y relevante, facilitando extender la marca en el mercado."
120,Artes Digitales,"Programa para estudiantes que desarrollen su creatividad digital. Formación integral desde concepto a implementación, con enfoque en medios como pintura, impresión, fotografía y dibujo en formatos digitales."
121,Bachelor of Digital ArtsÁrea de Entorno Digital Rama de conocimiento Ciencias Sociales y Jurídicas,Formar artistas digitales capacitados y polivalentes a través del diseño integral en entornos cambiantes.
122,Comunicación Digital,"El título proporciona una sólida formación técnica, artística y cultural en fotografía. Los estudiantes adquirirán dominio de los fundamentos fotográficos y una perspectiva empresarial para acceder al mercado nacional e internacional."
123,Diseño Digital y Multimedia,"El grado forma a diseñadores altamente cualificados en tecnología, comunicación y arte. Los estudiantes deben ser creativos, permeables al cambio y tener deseos de aprender permanentemente."
124,Diseño y Gestión de Proyectos Transmedia,"Aprenderás a gestionar proyectos que utilizan la narrativa transmedia para crear mundos e historias interactivas y motivadoras, con especialización en videojuegos y gamificación."
125,Gestión de la Información y Contenidos Digitales,"El estudiante del Grado en Gestión de la Información y Contenidos Digitales debe tener conocimientos básicos adquiridos en bachillerato, implicación en su formación, curiosidad intelectual, capacidad de trabajo en equipo, sentido de responsabilidad y actitud crítica."
126,Comunicación y Medios Digitales,"El Grado en Periodismo forma a universitarios para realizar la función informativa con rigor, profundidad e idoneidad. Los estudiantes aprenden a transmitir noticias, redactar correctamente y expresarse en el lenguaje adecuado dependiendo del tipo de noticia y medio de comunicación. El objetivo es formar periodistas capacitados para trabajar en empresas relacionadas con la información y la comunicación."
127,Gestión de la Ciberseguridad,"La titulación forma profesionales en seguridad de la información con conocimientos en defensa, derecho tecnológico y buenas prácticas. Se enfoca en tres áreas: seguridad (estrategia, ejecución y cumplimiento), tecnología (conocimiento del negocio y administración de sistemas) y gobernanza y liderazgo. Ofrece dos menciones: cumplimiento normativo y consultoría de seguridad digital."
128,Creación y Narración de Videojuegos,"La titulación forma profesionales con pensamiento crítico y capacidad de expresión, cubriendo contenidos humanísticos, lenguaje, diseño narrativo, dirección creativa, arte digital, programación y emprendimiento. Se enfoca en el desarrollo de videojuegos, pero también prepara para la informática y el diseño en general."
129,Trabajo SocialÁrea de Trabajo Social Rama de conocimiento Ciencias Sociales y Jurídicas,"El Trabajo Social se centra en mejorar las relaciones entre personas y su entorno, detectando y preveniendo problemas sociales. Los graduados en este campo trabajan para informar, orientar y asesorar a individuos y comunidades, coordinando recursos y servicios para promover el bienestar social."
130,Empresas y Actividades Turísticas,"Se crean enseñanzas turísticas que aplican avances en información, planificación y gestión para mejorar el perfil profesional de futuros graduados y adaptarlo a las necesidades del sector."
131,"Comunicación Corporativa, Protocolo y Organización de Eventos","Los estudiantes de esta titulación deben tener interés en eventos, protocolo y relaciones institucionales, comunicación corporativa y compromiso social. Se recomienda facilidad para expresarse oralmente y escritamente, así como curiosidad por investigar y adquirir habilidades profesionales."
132,Biología 6. Estudios,"La carrera de Biología estudia los seres vivos, desde plantas hasta animales, y su influencia en el entorno. Se profundiza en la estructura molecular, celular y físico-química de los organismos y sus relaciones con el medio ambiente. La formación es científica y práctica, con énfasis en la experimentación."
133,Ciencias Experimentales,"El título de grado en Ciencias Experimentales ofrece una formación interdisciplinar en Química, Biología, Física y Geología con un enfoque generalista. Se diferencia de los grados tradicionales en una sola disciplina por su formación multidisciplinaria y objetivos más amplios."
134,Nanociencia y Nanotecnología,"El Grado en Nanociencia y Nanotecnología ofrece una formación multi e interdisciplinar en ciencias experimentales. Se busca transmitir conocimientos para diseñar y fabricar nanomateriales y adquirir habilidades para estudiar sistemas nanométricos. Requiere un buen nivel académico en ciencias experimentales, curiosidad científica y rigurosidad."
135,Ciencia y Tecnología,"El grado de Ciencia y Tecnología de los Alimentos busca mejorar la calidad y diversidad de los productos alimenticios. Los graduados en este campo son especialistas en las propiedades de los alimentos, conocen sus características, beneficios y riesgos, y están preparados para analizar e intervenir en problemas relacionados con la seguridad alimentaria."
136,Ciencias Ambientales y Sostenibilidad,"Los estudios buscan proporcionar conocimientos para entender y proteger el medio ambiente, incluyendo la gestión ambiental y planificación territorial."
137,Recursos Hídricos,"El Grado en Recursos Hídricos forma profesionales capaces de evaluar, proteger y conservar el agua. Los objetivos incluyen transmitir conocimientos básicos y aplicados para la gestión de recursos hídricos, así como facilitar herramientas para su uso profesional o docente."
138,Ciencias Agrarias y Bioeconomía,"El Grado en Ciencias Agrarias y Bioeconomía forma profesionales que desarrollan sistemas de producción sostenible con base científica, integrando aspectos globales de la bioeconomía."
139,Física,"El Grado en Física ofrece una formación científica en aspectos básicos y aplicados, incluyendo estudio de fenómenos físicos, leyes que los gobiernan, experimentación y análisis con métodos matemáticos."
140,Física,"El título oficial de Grado en Física proporciona una formación científica en aspectos básicos y aplicados, incluyendo estudio de fenómenos físicos, leyes que los gobiernan, experimentación y análisis con métodos matemáticos."
141,Física e Instrumentación Espacial,"El Grado en Física e Instrumentación Espacial forma graduados con conocimientos en física e ingeniería para estudiar fenómenos espaciales. Se enfoca en la fusión de conocimientos científicos y técnicos, sin competencias profesionales específicas. Ofrece acceso directo a un Máster en Ciencia y Tecnología Espacial y un programa de Doctorado en Investigación Espacial y Astrobiología."
142,Física e Instrumentación Espacial,"El Grado en Física e Instrumentación Espacial forma graduados con conocimientos en física e ingeniería para estudiar fenómenos espaciales. El perfil profesional combina habilidades técnicas y científicas, sin competencias profesionales específicas. Ofrece acceso directo a Máster y Doctorado en Ciencia y Tecnología Espacial."
143,Física Aplicada,"El Grado en Física Aplicada profundiza en las leyes fundamentales de la física, enfocándose en aplicaciones técnicas y habilidades profesionales. Combina teoría matemática con práctica experimental para desarrollar competencias básicas en física clásica y moderna."
144,Física Aplicada,"Este Grado en Física Aplicada profundiza en las leyes fundamentales de la física, enfocándose en aplicaciones técnicas y habilidades personales. Combina teoría matemática con práctica experimental para desarrollar competencias básicas en física clásica y moderna."
145,Geología Realizan: Estudios del interior y exterior de la tierra. Búsqueda,"La geología estudia la tierra, sus componentes y fenómenos. Analiza rocas, volcanes, estratigrafía, sedimentología y erosión. Se centra en el estudio de los recursos naturales, como minas, yacimientos y combustibles fósiles. También evalúa la contaminación antrópica y determina zonas de riesgo."
146,Matemáticas Aplicadas,"La carrera de Matemáticas estudia las cantidades a través de razonamientos lógicos. Los graduados en Matemáticas tienen una preparación sólida en matemática y estadística, con conocimientos amplios en diversos campos."
147,Matemáticas y Ciencia de Datos,"El título de graduado en Matemáticas y Ciencia de Datos forma egresados con conocimientos rigurosos en matemática y estadística. Se capacita para resolver problemas de ciencia de datos en contextos académicos y profesionales, utilizando herramientas informáticas y estadísticas. Los egresados pueden acceder a puestos de responsabilidad media-alta en empresas, administraciones e industrias."
148,Bioquímica,Estudios para que estudiantes expliquen y manejen procesos biológicos molecularmente y apliquen conocimientos a procesos industriales.
149,Química Tienen,"Estos estudios proporcionan una formación básica en procesos, equipos y materiales químicos, alimentarios y ambientales. Se centra en la estructura y propiedades de los elementos y compuestos químicos, así como en las transformaciones y reacciones de la materia y su interacción con la energía."
150,Biología Sanitaria,"El graduado en Biología Sanitaria tendrá una amplia formación científica en biomedicina, lo que le permitirá conocer el funcionamiento del cuerpo humano y su estudio en salud y enfermedad. Cubre áreas como el cáncer, células madre, genoma humano y neurobiología."
151,Ciencias de la Actividad Física y del Deporte,"Formar profesionales del deporte capacitados en teoría y práctica de disciplinas deportivas. Desarrolla habilidades físicas, técnicas especializadas y atención a problemas causados por la práctica inadecuada."
152,Ciencias de la Actividad Física y del Deporte,"Formar profesionales del deporte capacitados en teoría y práctica de disciplinas deportivas. Desarrolla habilidades físicas, técnicas especializadas y atención a problemas causados por la práctica inadecuada."
153,Enfermería,"La enfermería es una disciplina que forma a personas en la ciencia del cuidado de la salud, mediante actividades para mantener y promover la salud, prevenir enfermedades y accidentes, y asistir a pacientes en su recuperación o muerte digna."
154,Farmacia,"Proporcionan conocimiento profundo sobre medicamentos, tecnología farmacéutica y efectos en el ser humano. Cubren efectos secundarios, acción tóxica y condiciones legales para actividades relacionadas con la carrera."
155,Fisioterapia,"La Fisioterapia es un estudio de técnicas terapéuticas físicas para tratar lesiones y enfermedades. Se enfoca en la rehabilitación y mejora de la autonomía del individuo, priorizando la colaboración con otros profesionales de la salud. Los fisioterapeutas utilizan técnicas manuales y no invasivas para identificar y solucionar problemas musculares, neurológicos y de columna vertebral."
156,Logopedia,"El título de Logopedia capacita a estudiantes para ejercer profesionalmente. La formación se estructura en cinco bloques: bases científicas, trastornos de la comunicación y habla, evaluación, intervención logopédica y habilidades profesionales."
157,Biomedicina,"Los profesionales en Bio medicina deben tener conocimientos multidisciplinarios sobre mecanismos moleculares, bioquímicos y fisiopatológicos de enfermedades humanas. Se busca formar a los alumnos en ciencias básicas y de la vida, estructura y función del cuerpo humano, farmacología general y molecular, y habilidades prácticas para desarrollar su actividad profesional."
158,Medicina,"La Medicina es la ciencia que se ocupa del diagnóstico, tratamiento y prevención de enfermedades. Los médicos trabajan en la promoción de la salud y el cuidado de los enfermos en hospitales y centros médicos."
159,Nutrición Humana y Dietética,"Formar profesionales que apliquen principios de nutrición a la alimentación individual y grupal, planifiquen menús y dietas especiales y supervisen servicios de comidas."
160,Odontología,"Formar profesionales en prevención, diagnóstico, tratamiento y rehabilitación de enfermedades bucodentales."
161,Óptica y Optometría,"Los estudios de Óptica y Optometría proporcionan conocimientos para evaluar capacidades visuales mediante pruebas adecuadas y mejorar el rendimiento visual con ayudas ópticas, entrenamiento visual y prevención."
162,Podología,"La Podología estudia el pie, su estructura y funcionamiento. Los podólogos previenen, atienden y rehabilitan afecciones de pies con tratamiento y prevención. Tienen autonomía para recibir pacientes directamente y colaboran con médicos en problemas médicoquirúrgicos."
163,Psicología,El Grado en Psicología forma profesionales para analizar la conducta humana y aplicar conocimientos a personas con alteraciones psíquicas. Los graduados entenderán las dinámicas del comportamiento humano y podrán enfrentar problemas sociales emergentes.
164,Terapia Ocupacional,El terapeuta ocupacional ayuda a los pacientes a recuperarse mediante actividades físicas y mentales. Trabaja en equipo con otros profesionales para diseñar un tratamiento personalizado que mejore la actividad y ocupación de las personas.
165,Veterinaria,"El veterinario es un profesional competente en producción y control sanitario de alimentos de origen animal, así como en la vigilancia y cuidado sanitario de poblaciones de animales. Colabora con la medicina humana y participa en el control del medio ambiente para garantizar los equilibrios biológicos naturales."
166,Arquitectura,El grado en Arquitectura otorga los créditos ECTS necesarios para ejercer la profesión sin máster.
167,Fundamentos de Arquitectura y Urbanismo,"Los Grados en Fundamentos de la Arquitectura y Urbanismo deben verificar sus planes de estudio con la Orden EDU/ /, que establece requisitos para la verificación de títulos universitarios. Los egresados deben realizar un Máster en Arquitectura (60 ECTS) para obtener atribuciones profesionales como Arquitecto."
168,Arquitectura Técnica y Edificación,"Formar profesionales de Arquitectura Técnica con conocimientos en construcción, dibujo técnico, topografía y más. Ofrece formación científica y técnica actualizada y respetuosa con el medio ambiente."
169,Diseño de Interiores,"El título forma a alumnos con un perfil multidisciplinar para desarrollar su actividad profesional en ámbitos variados. Deben poseer conocimientos básicos de diseño digital, gráfico e industrial y artísticos, humanísticos y técnicos. El objetivo es crear espacios habitados adecuados a las necesidades de la sociedad, resolviendo problemas creativa y éticamente."
170,Arquitectura Naval,"La Arquitectura Naval abarca funciones de ingeniería, incluyendo diseño y construcción de buques, investigación aplicada y administración de astilleros. Forma profesionales en proyecto básico, construcción, reparación y mantenimiento de buques."
171,Ingeniería Marítima,"El título de Graduado/a en Ingeniería Marítima forma profesionales para diseñar, construir y mantener buques y plataformas marítimas. Se capacita para operar sistemas a bordo, realizar proyectos mecánicos, eléctricos y de control, y proyectar sistemas hidráulicos y neumáticos."
172,Ingeniería Física,"El Grado en Ingeniería Física se dirige a estudiantes que quieren participar en la creación de tecnologías futuras. Aprenden principios básicos de física, química y biología para aplicarlos a problemas de ingeniería en áreas como nanotecnología y biomateriales. Se requiere dominio matemático y físico, capacidad analítica y resolución de problemas."
173,Ingeniería Física,"El Grado en Ingeniería Física se dirige a estudiantes que quieren participar en la creación de tecnologías futuras. Aprenderán principios básicos de física, química y biología para aplicarlos a problemas de ingeniería en áreas como nanotecnología, tecnologías cuánticas o biomateriales."
174,Ingeniería Geomática,"La Geomática es una ciencia que gestiona la información geográfica. El Grado en Ingeniería Geomática integra asignaturas relacionadas con la adquisición, procesamiento y almacenamiento de datos geográficos, su explotación y difusión. Forma profesionales para diseñar y desarrollar proyectos geomáticos en campos como la medición, representación y visualización de información territorial, sistemas de información y gestión de catástrofes."
175,Ingeniería de las Tecnologías de la Información Geoespacial,"El Grado forma profesionales en TIC para el tratamiento y análisis de información geoespacial. Se enfoca en SIG, diseño web y explotación de geoinformación para resolver problemas en ingeniería y otros ámbitos."
176,Gestión y Operaciones del Transporte Aéreo,"El título ofrece tres itinerarios para la gestión y operación del transporte aéreo. Los graduados desarrollarán capacidades en planificación, dirección de proyectos, explotación y operación de actividades aeroportuarias, así como aplicación de legislación específica."
177,Ingeniería en Tecnologías Aeroespaciales,El Grado en Ingeniería en Tecnologías Aeroespaciales busca la excelencia en la formación de ingenieros aeroespaciales con sólida base físicomatemática y fundamentos en tecnologías complejas.
178,Ingeniería Agrícola,"Se estudia cómo mejorar cultivos y maximizar rendimiento ganadero mediante sistemas de riego óptimos, prevención de plagas con insecticidas y otros métodos."
179,Ingeniería Agroambiental,"El graduado en Ingeniería Agroambiental es un profesional capacitado para mejorar y gestionar la calidad ambiental en agricultura, ganadería y medio rural. Valora y gestiona recursos, evalúa impacto ambiental y propone medidas de corrección."
180,Ingeniería Alimentaria,"La Ingeniería Alimentaria mejora la calidad y diversidad de los productos alimenticios. Los profesionales en este campo diseñan y ejecutan procesos para producir alimentos sanos, seguros y saludables."
181,Ingeniería Forestal,"El título de Grado de Ingeniero Forestal forma profesionales expertos en evaluación y gestión sostenible de áreas forestales. Los titulados serán competentes en materias como hidráulica, construcción y maquinaria, necesarias para la gestión y conservación de los sistemas forestales. Se ofrecen dos intensificaciones: Explotaciones forestales e Industrias forestales."
182,Ingeniería del Medio Natural © Comunidad de Madrid. Edición:,"Formar profesionales con formación científica y tecnológica para desarrollar tecnologías medioambientales y ecológicas en gestión, conservación y protección del Medio Natural."
183,Ingeniería Ambiental,"El Grado en Ingeniería Ambiental busca comprender la interacción entre el ser humano y el medio ambiente. Los graduados deben diseñar tratamientos para mitigar los cambios ambientales causados por actividades industriales, equilibrando las necesidades materiales con el respeto al Medio Ambiente."
184,Ingeniería Química,"Formar profesionales que apliquen el método científico a problemas complejos en diseño de productos y procesos, considerando calidad, seguridad, economía y conservación del medio ambiente."
185,Ingeniería Biomédica,"El grado combina la ingeniería y las necesidades médicas para desarrollar herramientas y habilidades que permitan mejorar o crear nuevos procesos y servicios industriales y socio-sanitarios. Los estudiantes aprenderán a aplicar sus conocimientos a problemas reales, diseñar productos sanitarios y tecnologías sanitarias, y gestionar recursos técnicos en hospitales."
186,Ingeniería Civil en Construcciones Civiles,"Profesionales que organizan obras civiles, procedimientos y maquinaria. Formación en ciencia, tecnología y economía para desarrollar tecnologías de construcción, hidrología y servicios urbanos con respeto al medio ambiente y seguridad."
187,Ingeniería Civil y Territorial,"El título forma graduados en ingeniería técnica de Obras Públicas, preparándolos para proyectos y mantenimiento de obras públicas. Los titulados trabajarán en grandes obras del Estado o en empresas contratadas por la Administración."
188,Transporte y Logística,"Los estudios de Transporte y Logística buscan crear espacios profesionales que permitan mejorar conocimientos tecnológicos sobre redes viales regionales, nacionales e internacionales para aumentar la eficiencia en soluciones de transporte."
189,Ingeniería en Diseño Industrial y Desarrollo de Producto,"La carrera de Diseño Industrial forma profesionales que diseñan productos innovadores, competitivos y eficientes desde el punto de vista funcional, estructural y estético. Los graduados pueden proyectar, dirigir y coordinar todo el proceso de vida de un producto."
190,Ingeniería en Organización Industrial,"Un Ingeniero de Organización analiza y resuelve problemas para optimizar procesos empresariales, identificando prioridades estratégicas, recursos y beneficios. Su formación dual le permite tener una visión global de la empresa."
191,Ingeniería Eléctrica,"Este grado se centra en el desarrollo y aplicación de la energía eléctrica para mejorar procesos industriales, aumentar producción y simplificar trabajos. Los objetivos incluyen diseñar y analizar sistemas físicos, realizar proyectos y capacitar en cálculo y diseño de máquinas eléctricas e instalaciones."
192,Ingeniería en Electrónica y Automática Industrial,"La titulación se centra en la tecnología punta y la creación de ingenieros mecánicos que mejoren producción y trabajo humano. Se aplican conocimientos a sistemas para mejorar procesos industriales, pero también se utilizan en medicina, agricultura, distribución de mercancías y energía."
193,Ingeniería Mecánica,Los titulados en Ingeniería Mecánica redactan y desarrollan proyectos técnicos en fabricación y construcción de maquinaria e instalaciones industriales. Dirigen industrias relacionadas con la ingeniería mecánica y gestionan la puesta en mercado de productos.
194,Ingeniería en Industria Conectada,"Profesional con habilidades técnicas y de gestión, capaz de trabajar en equipos multinacionales y multidisciplinarios. Conocimientos en electrónica, automática, diseño, robótica, mecánica, programación y tecnologías de la Industria conectada."
195,Ingeniería en Sistemas Industriales,"El título de Grado en Ingeniería en Sistemas Industriales es un grado generalista que abarca áreas como Mecánica, Electrónica y Automática, Energía y Organización Industrial."
196,Ingeniería en Tecnologías Industriales,"El Grado en Ingeniería en Tecnologías Industriales forma ingenieros polivalentes y generalistas que pueden trabajar en I+D empresarial, liderar equipos multidisciplinares o dedicarse a la docencia. Se enfoca en el desarrollo sostenible y la responsabilidad profesional."
197,Ingeniería de la Energía,"La educación superior en ciencia e ingeniería energética es crucial para un uso sostenible de la energía. Los objetivos incluyen formar profesionales en ingeniería energética y capacitar a los estudiantes sobre tecnologías eficientes y sostenibles, como energías renovables y gestión de mercados energéticos."
198,"Ingeniería de los Recursos Energéticos, Combustibles y Explosivos","Los ingenieros en recursos energéticos deben estar capacitados para diseñar instalaciones de producción y transporte de combustible, así como evaluar la seguridad y planificar proyectos. Su formación abarca desde las fuentes de energía hasta el usuario final."
199,Ingeniería en Tecnología Minera Estos,"Un Ingeniero en Tecnología Minera explora formas seguras y rentables de obtener minerales y metales del suelo y el mar para la industria. Investiga métodos de extracción y transporte, diseño de instalaciones y mejora de sistemas. Trabaja con depósitos minerales desde su descubrimiento hasta su evaluación y explotación."
200,Ingeniería Geológica,"Estudios que combinan geología e ingeniería para formar profesionales en obras públicas, valoración de recursos minerales y hidrogeológicos, considerando aspectos medioambientales. Capacitan para actividades como prospección de recursos naturales, diseño de sondeos petrolíferos y cimentaciones especiales."
201,Ingeniería Matemática,"La Ingeniería Matemática aplica métodos matemáticos avanzados a problemas de ingeniería, ciencia, tecnología y empresa. Se diferencia del Matemático por su orientación aplicada y del resto de ingenieros por su enfoque analítico y soluciones generales."
202,Ingeniería en Matemática Aplicada al Análisis de Datos,"Titulación para alumnos interesados en matemáticas, informática y tecnología. Desarrolla habilidades analíticas, de planificación y liderazgo."
203,Matemática Computacional,"El Grado en Matemática Aplicada y Computación forma profesionales que aplican matemáticas en áreas como la ciencia, ingeniería y economía. Los estudiantes aprenden algoritmos, métodos numéricos y programación para resolver problemas reales."
204,Ingeniería de Materiales,"Formar ingenieros en materiales para diseñar, seleccionar y procesar materiales en sectores productivos."
205,Ingeniería Electrónica de Comunicaciones,"La titulación se centra en Tecnologías de la Información y las Comunicaciones (TIC), con formación científica y generalista. Los objetivos incluyen proyectos de redes, servicios y aplicaciones de telecomunicación, diseño y desarrollo de sistemas electrónicos y circuitos para informática y telecomunicaciones."
206,Ingeniería de Comunicaciones Móviles y Espaciales,"La titulación se centra en la capacidad para diseñar, explotar y gestionar redes y servicios de telecomunicaciones. La formación incluye fundamentos teóricos de ingeniería, conocimiento profundo de tecnologías específicas y habilidades prácticas en técnicas concretas."
207,Ingeniería en Sistemas Audiovisuales y Multimedia,"El grado en Ingeniería en Sistemas Audiovisuales y Multimedia se centra en las tecnologías de la información y comunicación, con un enfoque en la generación, transmisión y almacenamiento de contenido audiovisual y multimedia."
208,Ingeniería en Sistemas de Telecomunicación,"La titulación se centra en Tecnologías de la Información y las Comunicaciones (TIC), con alta demanda profesional. Se enfoca en proyectos de redes, servicios y aplicaciones de telecomunicación, así como en el diseño y mantenimiento de sistemas de telecomunicación y radiocomunicación."
209,Ingeniería de Sonido e Imagen,"La titulación se enfoca en tecnologías de la información y las comunicaciones con alta demanda profesional. Sus objetivos incluyen el diseño, desarrollo y gestión de proyectos de redes y servicios de telecomunicación, así como la evaluación del impacto ambiental del ruido."
210,Ingeniería de Tecnologías y Servicios de Telecomunicación,"Los grados en Ingeniería de Telecomunicación forman a los graduados para desarrollar tecnologías de la información y comunicaciones. Los egresados pueden analizar, diseñar e implementar sistemas y redes, y gestionar equipos y procesos."
211,Ingeniería Telemática,"El ingeniero en telecomunicaciones diseña, desarrolla y gestiona proyectos de redes y servicios de comunicación. Su objetivo es crear y explotar redes y aplicaciones para la transmisión de datos."
212,Ingeniería y Sistemas de Datos,"El objetivo de este grado es formar ingenieros que lideren la transformación digital mediante el análisis de datos. Los estudiantes aprenderán a extraer conocimiento de grandes volúmenes de datos y aplicar tecnologías como IoT, BigData y aprendizaje automático para desarrollar servicios inteligentes."
213,Ingeniería de Computadores,"El título forma profesionales en Sistemas de Hardware con conocimiento global y capacidad para liderar proyectos y adaptarse a entornos en constante evolución. Los titulados pueden trabajar en empresas de información y comunicaciones, departamentos de informática e investigación."
214,"Ingeniería Informática Por ello, un Ingeniero Informático ha de co nocer sistemas de representación de la in formación, análisis de datos, soporte de almacenamiento, máquinas de tratamiento, interconexión de sistemas de tratamiento de información, y aspectos involucrados en su tratamiento como replicación, distribución, gestión, almacenamiento, tolerancia frente a fallos.","La carrera de Ingeniería Informática forma profesionales que crean programas informáticos ajustados a las necesidades sociales y empresariales. Los ingenieros informáticos utilizan lenguajes de programación para analizar problemas cotidianos y desarrollar soluciones lógicas. La titulación se centra en la gestión y explotación de sistemas informáticos, incluyendo el diseño y desarrollo de software orientado al usuario final."
215,Ingeniería Informática Biomédica,"El grado en Ingeniería Informática Biomédica se enfoca en la aplicación de tecnología, informática y programación en salud y biomedicina."
216,Ingeniería de Sistemas de Información,"Este grado prepara a profesionales para diseñar sistemas informáticos que apoyen procesos de negocios actuales, especialmente en tecnología web. Los estudiantes aprenderán técnicas y métodos de creación de sistemas informáticos con orientación al cliente."
217,Tecnologías para la Sociedad de la Información,Formar profesionales que integren TIC en procesos empresariales para satisfacer necesidades de información y mejorar la eficiencia.
218,Ingeniería del Software,"Formar profesionales en ingeniería de software que utilicen un enfoque sistemático y cuantificable para el desarrollo, operación y mantenimiento del software. Se enfoca en la programación, implantación y planificación de sistemas informáticos, así como en la responsabilidad civil y conducta ética."
219,Ingeniería de la Ciberseguridad,"Este grado combina conocimientos de tecnología con habilidades para mejorar la seguridad en organizaciones. Los estudiantes aprenderán a diseñar y gestionar sistemas informáticos seguros, considerando aspectos legales, éticos y humanos."
220,Matemáticas e Informática,"Este grado combina Matemáticas e Informática, enfatizando la interrelación entre ambas. Forma graduados con conocimientos generales en ambos campos para acceder al mercado laboral o continuar estudios."
221,Ingeniería en Tecnologías para Animación y Videojuegos,"El Grado en Ingeniería en Tecnologías para Animación y Videojuegos capacita a los estudiantes para trabajar en el mundo de la animación y videojuegos como ingenieros, desarrolladores o diseñadores. Requiere conocimientos previos en ciencias, interés por el arte y habilidades analíticas."
222,Diseño y Desarrollo de Videojuegos,"Este grado combina fundamentos de programación con diseño y desarrollo técnico-artístico para crear videojuegos. Los estudiantes aprenderán herramientas para concebir, diseñar, programar y comercializar juegos."
223,Ingeniería y Sistemas de Datos,"El objetivo de este grado es formar ingenieros que lideren la transformación digital mediante el manejo de datos. Se enfoca en la extracción de información a partir de grandes volúmenes de datos para optimizar la gestión y ofrecer servicios inteligentes. Los estudiantes deben conocer fundamentos matemáticos, técnicas de modelado y optimización, así como tecnologías de adquisición, almacenamiento y protección de datos."
224,Ingeniería de Datos e Inteligencia Artificial,"Los egresados deben diseñar, construir y administrar sistemas de datos para optimizar el rendimiento empresarial. Deben convertir datos en conocimiento aplicando técnicas estadísticas y de aprendizaje máquina. Están al día con las últimas tecnologías informáticas y pueden trabajar con conjuntos de datos grandes y complejos."
225,Ciencia de Datos e Inteligencia Artificial,"El grado forma profesionales versátiles con sólida base en Matemáticas, Estadística y Computación. Los egresados pueden aplicar habilidades en tecnologías de la información, ciencia de datos e inteligencia artificial para diseñar estrategias de gestión de datos y sistemas de información. También deben considerar aspectos éticos, legales y sostenibles en el uso de técnicas de IA y datos."
226,Inteligencia Artificial,"Este Grado en Inteligencia Artificial proporciona una sólida base en informática y habilidades prácticas para diseñar, desarrollar e implementar soluciones basadas en inteligencia artificial. Los egresados tendrán competencias demandadas por el mercado laboral actual y podrán gestionar con éxito proyectos desde principio a fin."
227,Computación e Inteligencia Artificial,"Este Grado proporciona una base sólida en informática e inteligencia artificial, dotando a los egresados de competencias demandadas por el mercado laboral. Ofrece un equilibrio entre formación básica y habilidades prácticas para la incorporación rápida al mercado de trabajo."
228,Ingeniería Robótica Sotware,"Formar profesionales que diseñen algoritmos y software para robots y sistemas inteligentes, capaces de procesar información sensorial, aprender y tomar decisiones autónomas. Se enfoca en el desarrollo práctico de conceptos y tecnologías como Inteligencia Artificial, Desarrollo de Software Avanzado y Robótica."
229,Ingeniería Robótica e Inteligencia artificial,"El Grado en Ingeniería Robótica e Inteligencia Artificial prepara a los estudiantes para liderar proyectos de tecnología y robotización en diversas áreas, como la logística, agricultura y automoción. La formación es integral y práctica, con un profesorado experto en robótica industrial, inteligencia artificial y automatización."
