id,nombre,resumen_salidas
1,Antropologia Social y Cultural,"Graduados en diversidad cultural, patrimonio etnológico, desarrollo territorial y cooperación internacional. Funciones relacionadas con docencia, investigación, mediación intercultural, participación ciudadana, planificación territorial y diseño de políticas públicas."
2,Antropologia Social y Cultural,"Graduados en diversidad cultural, patrimonio etnológico, desarrollo territorial y cooperación internacional. Funciones: docencia, investigación, mediación intercultural, planificación territorial, gestión de Parques Naturales, educación secundaria, coordinación de proyectos ONGs, asesoramiento igualdad de oportunidades, consultoría medios de comunicación."
3,Bellas Artes,"Pintor, escultor, dibujante, fotógrafo, crítico e historiador de arte. Asesor de compras y guía cultural. Gestor de museos y galerías. Restaurador y decorador."
4,Conservacion y Restauracion del Patrimonio Cultural,"ConservadorRestaurador en instituciones públicas o privadas, empresas de conservación y restauración, docencia e investigación en patrimonio cultural. Desarrolla programas de conservación-restauración, asesora en exposiciones y transporte de obras, proporciona registros técnicos y elabora informes."
5,Artes Escenicas,"Profesionales con proyección multidisciplinar en teatro, cine, televisión, publicidad y educación. Capacitados para trabajar en ámbitos creativos y de liderazgo."
6,Artes Escenicas e Interpretacion Audiovisual,"Profesionales del arte escénico, incluyendo actores, directores, bailarines, cantantes y locutores que trabajan en teatro, cine, televisión y otros medios."
7,Efectos Visuales,"Profesionales del arte escénico y la cultura que trabajan en teatro, cine, TV, publicidad, radio y eventos."
8,Artes Visuales y Danza,"Crear espectáculos teatrales, campañas publicitarias, crítica especializada y escritura en Artes Escénicas y Visuales. Desarrollar proyectos culturales y gestión de tecnologías escénicas."
9,Cinematografia,"Los estudiantes aprenderán sobre los equipos de producción y dirección en la industria cinematográfica, incluyendo director, productor, guionista y editor. También se cubrirán roles como ayudante de producción, jefe de producción, director de casting, director de fotografía y otros."
10,Bachelor in Filmmaking,"El curso capacita a los participantes en cuatro áreas clave del cine: dirección, producción, guion y edición. También se cubren equipos específicos como producción, dirección, casting, fotografía, iluminación, sonido, arte, ambientación y construcción."
11,Fotografia y Creacion Audiovisual,"Fotógrafo, técnico digital, especialista en tratamiento de la imagen, director artístico y comisario de exposiciones."
12,Composicion Musical,"Composición de música para concierto, ballet, cine, radio, televisión, publicidad, web, videojuegos, interpretación musical, creación de arreglos, producción musical, edición musical y gestión de contenidos musicales."
13,Interpretacion de Musica Moderna,"Músicos con experiencia en Big Band, musicales, televisión y orquestas de música popular."
14,Diseno de Interiores,"Diseñador de interiores puede trabajar en varios sectores como interiorismo, hoteles, restaurantes, museos y edificios de oficinas. Necesitan calidad y diseño para mejorar el confort."
15,Bachelor in Interior Design,"Diseñador de interiores puede trabajar en varios sectores como interiorismo, hoteles, restaurantes, museos y edificios de oficinas. Necesitan calidad y diseño para mejorar el confort y la estética."
16,Diseno,"Titulados pueden trabajar en estudios de diseño, editoriales, empresas de comunicación y moda, agencias de publicidad, centros de enseñanza, productoras audiovisuales y empresas de desarrollo multimedia."
17,Gestion y Comunicacion de la Moda,"Diseño de moda, vestuario escénico, textil, piel, punto, ilustración, escaparatismo, marketing, eventos, gestión comercial."
18,Diseno Integral y Gestion de la Imagen,"Diseño Integral y Gestión de la Imagen. Ámbitos: interiores, gráfico, creación visual, producto, cultura."
19,Diseno Multimedia y Grafico,"Diseño editorial, gráfica publicitaria, diseño web y multimedia, publicidad, imagen corporativa, dibujo y animación, diseño CAD, diseño de producto, fotografía, iluminación y artes plásticas."
20,Diseno Grafico y Multimedia,"Diseño editorial, gráfica publicitaria, diseño web y multimedia, publicidad, imagen corporativa, diseño de producto, fotografía, dirección de arte creativo."
21,Diseno Audiovisual e Ilustracion,"Diseñador audiovisual que muestra marcas y productos a través de medios visuales, mezclando imagen real con animación. Salidas en audiovisual, fotografía, diseño, arte e ilustración."
22,Diseno de Videojuegos,"Diseñador de videojuegos, Desarrollador de software, Diseño gráfico, Producciones audiovisuales, Analista/Programador, Desarrollador web, Administrador de red y sistemas, Consultor tecnológico, Operador de red y comunicaciones, Auditor de calidad, Informático financiero y de gestión, Administrador de bases de datos, Robótica y control digital."
23,Diseno y Desarrollo de Videojuegos y Entornos Virtuales,"Diseño, desarrollo y análisis de videojuegos, software y aplicaciones. Desarrollo web, redes y sistemas."
24,Animacion,"Creación de imagen, efectos visuales, diseño y animación, guiones, edición y postproducción, dirección de arte y gestión de equipo."
25,Diseno Digital,"Diseñador gráfico interactivo que crea simuladores, entornos virtuales y contenido digital multiplataforma. Trabaja en arte conceptual, desarrollo de performances digitales y animación cinematográfica."
26,Arte Digital y Tecnologias creativas,"Egresados pueden ser artistas, diseñadores o programadores para videojuegos y animación, incluyendo roles como animador, iluminador, modelador y diseñador UX/UI."
27,Estudios Culturales,"Graduados en Estudios Culturales trabajan en cultura, turismo, cooperación internacional, comunicación y nuevas tecnologías."
28,"Estudios de Asia y Africa: Arabe, Chino y Japones","Preparación para profesiones en enseñanza, promoción lingüística y cultural relacionadas con el mundo árabe o Asia Oriental. Trabajos en comercio, economía, relaciones internacionales, medios de comunicación y turismo."
29,Estudios Semiticos e IslamicosArea de Estudios Semiticos e Islamicos Rama de conocimiento Artes y Humanidades,"Profesor universitario, investigación, traducción e interpretación, planificación lingüística, creación y mediación literaria e intercultural, industrias editoriales, acceso a la función pública y medios de comunicación."
30,Filosofia,"Graduado en filosofía puede ser docente, investigador, gestor cívico o asesor."
31,Ciencias de las Religiones,"Docencia, investigación en Ciencias de las Religiones, gestión cultural, literaria y administrativa, así como proyectos multidisciplinares en educación, ONGs y empresas de viajes religiosos."
32,Arqueologia,"Arqueología en España se divide en enseñanza/investigación, gestión y empresa. Salidas profesionales incluyen investigación arqueológica, patrimonio arqueológico, museología, enseñanza y empresas de evaluación ambiental."
33,Geografia e Historia,"Geografía - Docencia, medioambiente, ordenación del territorio, cartografía, sistemas de información geográfica, informes socioeconómicos y demográficos, administración pública (medio ambiente, sanidad, obras públicas, comercio y turismo)."
34,Historia,"Historia - Docencia, crítica literaria, gestión del patrimonio, asesoramiento cultural, investigación histórica, carrera diplomática."
35,Historia del Arte,"Prepara a los estudiantes para proteger y gestionar el patrimonio histórico-artístico-cultural en instituciones y empresas. Incluye conservación, exposición y mercado de arte, difusión del patrimonio artístico, investigación y enseñanza en historia del arte, y producción de contenidos."
36,Musicologia,"Graduados en música pueden trabajar en bibliotecas, editoriales, radio, TV, productoras audiovisuales, centros de enseñanza y gestión cultural."
37,Humanidades,"Educación, gestión cultural, editorial y medios de comunicación audiovisual."
38,"Ciencia, Tecnologia y Humanidades","Experto en difusión del conocimiento, gestor de proyectos científicos y coordinador de equipos interdisciplinares. Técnico responsable de políticas de innovación y desarrollo en instituciones públicas o privadas."
39,Espanol: Lengua y Literatura,"Profesores de Enseñanza Secundaria, profesores universitarios, investigación en Lengua y Literatura española, administración, diplomacia, turismo, edición y medios de comunicación."
40,Estudios Hispanicos,"Graduados en Estudios Hispánicos capacitados para actividades lingüísticas y culturales como mediación, planificación, asesoramiento, gestión y representación."
41,Estudios Hispanicos: Lengua Espanola y sus Literaturas,"Formación en docencia, asesoramiento lingüístico, industria editorial y traducción."
42,Lengua y Literatura Espanola,"Docencia, investigación, industria, editorial, gestión lingüística, medios de comunicación, administraciones públicas y mediación lingüística."
43,Estudios Clasicos y de la Antiguedad,"Graduados en Estudios Clásicos pueden trabajar en archivística, biblioteconomía, gestión cultural, docencia e investigación."
44,Filologia Clasica,"Docencia, traducción, interpretación, asesoramiento literario, corrección, documentación, asistencia a medios y publicidad, investigación en temas específicos e interdisciplinarios."
45,Estudios Ingleses,"Asesoramiento político, planificación lingüística, gestión documental, enseñanza no universitaria, universitaria y escritura creativa, gestión cultural y artística, recursos humanos, educativa, investigación lingüística y literaria, mediación lingüística, medios de comunicación, peritaje judicial en lingüística forense, registro de museos e instituciones culturales, relaciones públicas y tecnologías del lenguaje."
46,Estudios HispanoAlemanes,"Titulados pueden trabajar en traducción, interpretación, medios de comunicación, turismo, recursos humanos, administraciones públicas, asesoramiento político, gestión editorial, cultura y relaciones públicas."
47,"Lenguas Modernas, Cultura y Comunicacion: espanol, frances o ingles","Graduados en Lenguas Modernas, Cultura y Comunicación. Capacitados para la comunicación multilingüe y enseñanza. Actividades relacionadas con servicios lingüísticos y comunicación."
48,Lenguas Modernas y sus Literaturas,"Titulados versátiles con capacidad de adaptación a distintas situaciones laborales como gestión cultural, turística, documentación y bibliotecas, medios de comunicación, industria editorial, investigación, mediación lingüística e intercultural, planificación lingüística, profesorado en universidades y escuelas de idiomas, selección de recursos humanos y traducción."
49,Paisajismo,"Paisajista: diseño, ejecución, gestión y mantenimiento de espacios abiertos; restauración de áreas alteradas; evaluaciones ambientales; estudios climáticos, geológicos y bióticos; asesoramiento técnico."
50,Lenguas Modernas y Traduccion,"Los futuros titulados pueden trabajar en servicios de traducción, empresas turísticas, enseñanza de lenguas, mediación lingüística, edición de textos, comunicación intercultural y gestión cultural."
51,Traduccion e Interpretacion,"Traductores e intérpretes trabajan en congresos, conferencias, empresas, medios de comunicación, enseñanza y organismos internacionales. Existen salidas profesionales como profesores de idiomas extranjeros o ejercicio libre de la traducción."
52,Ciencias de la Actividad Fisica y del Deporte,"Profesionales que realizan entrenamiento, gestión deportiva, animación física, asesoramiento pedagógico y trabajo en educación física, fisioterapia y rehabilitación."
53,Ciencias de la Actividad Fisica y del Deporte,"Profesionales que realizan entrenamiento, gestión deportiva, animación física, asesoramiento pedagógico y trabajo en educación física y especializada."
54,Gestion Deportiva,"Egresados pueden trabajar en dirección, planificación y administración de actividades deportivas, eventos y fitness en clubes, empresas de eventos, administraciones públicas, cadenas de fitness, turismo activo, consultoría y asesoramiento deportivo."
55,Gestion Deportiva,"Egresados se desempeñan en dirección, planificación y administración de actividades deportivas, fitness y ocio en clubes, empresas y administraciones públicas."
56,"Ciencias del Trabajo, Relaciones Laborales y Recursos Humanos","Prepara a futuros graduados para ejercer en recursos humanos, representantes de empresas y trabajadores ante organismos de conciliación y Tribunales de lo Social."
57,Relaciones Laborales y Recursos Humanos,"Graduados en asesoramiento jurídico-laboral, dirección de recursos humanos, gestión del mercado de trabajo, salud laboral y políticas sociolaborales. Profesionales liberales, directores de RRHH, mediadores, expertos en salud laboral y consultores sociolaborales."
58,Relaciones Labores y Empleo,"Serán titulados con formación multidisciplinar, ofreciendo oportunidades en recursos humanos, diseño de políticas de formación, orientación profesional, consultoría laboral y dirección de relaciones laborales a nivel nacional e internacional."
59,Ciencias Politicas,"Graduados en administración pública pueden trabajar en empleo público o privado. Pueden desempeñar roles como inspectores, técnicos, administradores y agentes de desarrollo en áreas como calidad medio ambiente, comercio exterior, consultoría y marketing."
60,Ciencia Politica y Gestion Publica,"Graduados en Ciencia Política y Administración Pública pueden trabajar en administraciones públicas, organismos internacionales, medios de comunicación, etc. como técnicos superiores, analistas de mercados y gestores administrativos."
61,Ciencia Politica y de la Administracion,"Graduados en administra ciones públicas, organismos internacionales, medios de comunicación y empresas de consultoría. Analizan procesos, mercados y estructuras políticas y administrativas desde perspectivas jurídica, social, histórica y económica."
62,Gestion y Administracion Publica,"Técnicos en relaciones institucionales y políticas que trabajan en despachos legales, empresas y organismos públicos. Realizan estudios y asesorías para empresas e investigación sobre opinión pública."
63,Historia y Politica,"Grado bilingüe para futuros profesionales en Politología, Ciencias Sociales y Historia con vocación analítica y comparatista. Abre amplias salidas profesionales como la función pública."
64,Estudios Internacionales,"Graduados en Relaciones Internacionales pueden trabajar en Organizaciones Intergubernamentales, Servicio Exterior del Estado, Administración de la UE, docencia, información y comunicación internacionales."
65,Bachelor of European Studies (BAES),"Graduados pueden trabajar en organizaciones intergubernamentales, servicio exterior del estado, administración europea, docencia, análisis de información e inteligencia, periodismo internacional y comunicación."
66,Sociologia,"Técnicos en sociología política, familiar o electoral; demógrafos. Trabajan en marketing, recursos humanos y selección de personal. También en cooperación y desarrollo, Administración Pública, docencia e investigación."
67,Comercio,"Graduados en Comercio pueden desempeñar puestos como responsable de gestión, comercial, mercadotecnia, ventas, producto, distribución y técnico comercial del Estado."
68,Marketing y Comunicacion,"El Grado en Marketing ofrece oportunidades en marketing, publicidad y ventas en empresas públicas y privadas, así como en investigación de mercados, consultoría y distribución comercial. También se pueden desarrollar carreras docentes."
69,CC. Juridicas de las Administraciones Publicas,"Graduados en administración pública pueden trabajar en diversas áreas como la Unión Europea, Administraciones estatal, autonómica y local."
70,Criminologia,"Criminólogo - Desarrolla labor en policial, instituciones penitenciarias y judicial. Asesora a jueces y trabaja en seguridad privada."
71,Seguridad,"Egresados pueden trabajar en investigación criminológica, seguridad pública, privada e instituciones penitenciarias, o como peritos, directivos, asesores o terapeutas."
72,Derecho,"Los graduados pueden trabajar como abogados, directores de recursos humanos, inspectores, etc. Desarrollan su actividad en despachos de abogados, departamentos de administración y asesorías. Pueden ejercer la profesión libremente o dedicarse a la docencia e investigación."
73,Derecho Sorbona (Titulacion Internacional),"Grado en Derecho y Maîtrise en Droit; Abogado, procurador, agente de propiedad industrial, auditor de cuentas; diplomático, funcionario internacional, notario, juez, fiscal; letrado, inspector de trabajo, técnico superior de la administración pública."
74,"Filosofia, Politica, Derecho y Economia","Formación versátil para puestos en organizaciones privadas y públicas. Competencias analíticas y internacionalización para ocupar puestos destacados en multinacionales. Ámbitos de inserción laboral: política, periodismo, industria, educación, dirección de empresas, consultoría, relaciones públicas, servicios diplomáticos, gobiernos autonómicos y locales, organizaciones internacionales."
75,Economia,"Graduados en empresas de seguros, bancos y contabilidad. Realizan investigaciones económicas y análisis de procesos."
76,Economia y Finanzas,"Graduados pueden trabajar en mercados financieros, departamentos financieros de empresas, consultoría económica y más."
77,Direccion Internacional de Negocios,"El grado otorga habilidades profesionales demandadas, permitiendo desempeñar funciones directivas o técnicas en empresas internacionales, centros de estudio e investigación, y administraciones. Los graduados pueden trabajar en creación de empresas, docencia, función pública, consultoría, análisis económico, gestión de negocios internacionales y desarrollo económico."
78,Bachelor in International Business Management,"El grado otorga habilidades profesionales demandadas, permitiendo desempeñar funciones directivas o técnicas en empresas privadas, centros de estudio e investigación, y administraciones nacionales e internacionales. Los graduados pueden trabajar en creación de empresas, docencia, función pública, consultoría, análisis económico y gestión de negocios internacionales."
79,"Finanzas, Banca y Seguros Un","Graduados en funciones técnicas en seguros, banca, auditoría y consultoría. Oportunidades en organismos supervisores, administraciones públicas y empresas no financieras."
80,Contabilidad y Finanzas,"Grados en Finanzas y Contabilidad para formar profesionales en control presupuestario, gestión de tesorería y contabilidad financiera."
81,Economia Financiera y Actuarial,"Especialistas en seguros, directores de administración y finanzas, técnicos de contabilidad y actuariales, asesores financieros y técnicos inversores. Trabajan en entidades aseguradoras, departamentos de administración y finanzas, asesorías y consultorías."
82,Analisis de Negocios,"Alta empleabilidad, puestos demandados en tecnología y banca."
83,Business Analytics,"Alta empleabilidad, puestos demandados en tecnología y banca."
84,Analitica de Negocio,"Alta empleabilidad, puestos demandados en tecnología y banca."
85,Magisterio en Educacion Infantil,"Titulados en educación infantil pueden ser jefes de estudio o directores de colegio, trabajando en centros educativos como escuelas infantiles, hospitales y ONGs."
86,Magisterio en Educacion Primaria,"Grado en Educación Primaria, acceso a ser maestro en educación primaria, trabajo en centros de enseñanza y animación sociocultural."
87,Educacion Social,"Trabajan en justicia, bienestar social, educación y administración; realizan actividades de animación sociocultural, educación para adultos y especializada."
88,Pedagogia,"Graduados en educación con especializaciones en enseñanza, tecnología del aprendizaje, educación especializada, orientación y formación docente. Desarrollan su actividad en centros de enseñanza, empresas educativas y editoriales."
89,Comportamiento y Ciencias Sociales,"Experto en comportamiento del consumidor y análisis de mercados, con experiencia en gestión de talentos, análisis gubernamental y consejería social."
90,Administracion de Empresas,"Trabajan como directores, técnicos y asesores en consultorías, empresas y administraciones."
91,Administracion y Direccion de Empresas,"Titulados pueden trabajar como directores, administradores, contables, técnicos de marketing, jefes comerciales, recursos humanos e investigación. Desarrollan su actividad en consultorías, asesorías, auditorías y empresas."
92,Direccion y Gestion de Empresas en el Ambito Digital,"Grado enfocado en la em pleabilidad, con formación para responder a necesidades actuales de empresas españolas en el ámbito digital. Existen tres vectores de empleabilidad: empresas de nueva creación, transformación digital y empresas convencionales con parte del negocio en entorno digital. Los egresados pueden desempeñar funciones clave como marketing, comunicación, producto, ventas e I+D."
93,"Creacion, Administracion y Direccion de Empresas","Titulados pueden ser directivos, asesores o consultores empresariales o emprendedores."
94,Emprendimiento y Gestion de Empresas,"Perfiles relacionados con la gestión empresarial, como directores de proyectos y operaciones, y enfoques emprendedores individuales o colectivos."
95,Gastronomia,"Graduados en Dirección Hotelera pueden ser Directores Generales, Chefs de Hotel, Directores de Compras y Logística, Directores de Franquicias, Directores de Calidad Alimentaria, Directores Comerciales y Marketing, o Directores de Proyectos de Desarrollo Regional."
96,Gastronomia e Innovacion Culinaria,"Puestos directivos en agroalimentaria, restauración y hostelería; emprendimiento gastronómico; chef y asesor gastronómico."
97,Empresa y Tecnologia,"Capacitado para planificar, organizar y gestionar en organizaciones productivas modernas. Conocimientos fundamentales de desarrollo tecnológico y habilidades para adaptarse a cambios."
98,Bachelor of Management and Tecnology,"Capacitado para planificar, organizar, gestionar y controlar en organizaciones productivas. Forma conocimientos fundamentales de desarrollo tecnológico y gestión empresarial."
99,Gestion Empresarial basada en el Analisis de Datos (Business Analytics),"Desarrollar conocimiento en consultoría, asesoramiento empresarial e inteligencia de negocio para dirigir departamentos y gestionar empresas."
100,Inteligencia de Negocios Business Intelligence,"Profesionales en Data Mining, Business Intelligence, análisis de datos y consultoría."
101,Estadistica AplicadaArea de Estadistica Rama de conocimiento Ciencias Sociales y Juridicas,"Ingeniería (control, minería de datos, redes), Economía y Empresa (sectores productivos, mercado de trabajo), Salud (epidemiología, bioestadística), Política y Sociedad (demografía, relaciones internacionales) y Ciencias Ambientales."
102,Estadistica y Empresa,"Los graduados en Estadística y Empresa están capacitados para trabajar en gestión empresarial, finanzas, ciencias actuariales, banca, análisis bursátil, gestión de carteras de inversiones, asesoramiento y consultoría. Pueden desempeñar tareas en industrias, empresas, estudios de mercado y opinión, marketing e instituciones públicas."
103,Ciencia de los Datos Aplicada,"Los científicos de datos pueden trabajar en logística, banca, telecomunicaciones, salud, seguros, ejercicio profesional libre o I+D+i. También pueden acceder a programas de doctorado y ser investigador y docente."
104,Geografia y Ordenacion del Territorio,"Graduados en docencia, medioambiente, ordenación del territorio, cartografía, sistemas de información geográfica, resolución de conflictos geopolíticos, elaboración de informes socioeconómicos y demográficos, editoriales, bibliotecas, archivos, museos, centros de educación permanente, oficinas de turismo y medios de comunicación."
105,Gestion Urbana,"Experto en gestión urbana, ambiental y económica con experiencia en políticas urbanas, desarrollo sostenible y planificación de usos del suelo."
106,Bachelor of Urban Management,"Experto en gestión urbana, ambiental y económica con experiencia en políticas urbanas, desarrollo sostenible y planificación de usos del suelo."
107,Estudios Urbanos,"Experto en gestión urbana, ambiental y económica con experiencia en políticas urbanas, desarrollo sostenible y planificación de usos del suelo."
108,Gestion Aeronautica,"Gestores aeronáuticos en aeropuertos, compañías aéreas, navegación aérea, servicios auxiliares, consultoría y auditoría, investigación y docencia."
109,Informacion y Documentacion,"Actividad en bibliotecas generales, especializadas y centros de documentación; archivos públicos y privados; gestión de contenidos."
110,Lengua de Signos Espanola y Comunidad SordaArea de Lengua de Signos Rama de conocimiento Ciencias Sociales y Juridicas,"Presta servicios como intérprete de LSE, guía para personas sordociegas y asesor educativo en centros educativos."
111,Comunicacion Audiovisual,"Graduados en comunicación audiovisual pueden trabajar en publicidad, comunicación empresarial, producción multimedia y edición de publicaciones."
112,Comunicacion y Medios Digitales,"Trabajan como redactores, locutores, correctores, presentadores o asesores de imagen en empresas, medios de comunicación, agencias de prensa y sector editorial."
113,Publicidad,"Profesionales de la comunicación publicitaria en creatividad, estrategia y gestión. Trabajo en agencias, consultoras o organizaciones sin ánimo de lucro."
114,Publicidad y Relaciones Publicas,"Títulos relacionados con marketing, publicidad y comunicación que se ocupan de la imagen de organizaciones y campañas publicitarias."
115,Publicidad Creativa,"Capacitados para tomar decisiones, identificar propuestas creativas y asumir riesgos. Desarrollo de competencias profesionales avanzadas en comunicación persuasiva, auditorías y consultorías. Identificación de amenazas y oportunidades, asignación de recursos y planificación estratégica."
116,Publicidad y Creacion de Marca,"Publicidad - Dirección creativa, arte, estrategia, eventos, digitales, visual merchandising. Creación de marca - Identidad corporativa, naming, estrategia de marca. Diseño gráfico - Packaging, ilustración, diseño editorial. Audiovisual - Contenidos, guión, preproducción, postproducción."
117,Artes Digitales,Formación en creatividad tecnológica con énfasis en herramientas digitales y modelos de negocio.
118,Bachelor of Digital ArtsArea de Entorno Digital Rama de conocimiento Ciencias Sociales y Juridicas,Formación en creatividad digital con énfasis en herramientas tecnológicas y modelos de negocio.
119,Comunicacion Digital,"Fotógrafo, técnico digital, especialista en tratamiento de la imagen, artista multidisciplinar, director artístico y más."
120,Diseno Digital y Multimedia,"Creador de proyectos digitales, narrador virtual y desarrollador de juegos interactivos."
121,Diseno y Gestion de Proyectos Transmedia,"Profesional flexible que gestiona proyectos con diseñadores, marketing, programadores, profesores y editores. Desarrolla, financia y gestiona proyectos empresariales y de emprendimiento."
122,Gestion de la Informacion y Contenidos Digitales,"Grado en Gestión de la Información y Contenidos Digitales, prepara para trabajar en empresas digitales o organizaciones que necesitan inteligencia de negocio."
123,Gestion de la Ciberseguridad,"CISO, Diseñador/Gestor de Seguridad Corporativa, Auditor de Ciberseguridad, Consultor de Seguridad y Análisis de Riesgos, Técnico de Compliance de Ciberseguridad, Experto en Seguridad de la Información."
124,Creacion y Narracion de Videojuegos,"Diseñador de videojuegos, Desarrollador de videojuegos, Diseño en D, Produciones audiovisuales, Desarrollador de software de diseño, Analista/Programador de aplicaciones, Diseñador y desarrollador web, Administrador de red, Consultor tecnológico."
125,Trabajo SocialArea de Trabajo Social Rama de conocimiento Ciencias Sociales y Juridicas,"Trabajadores sociales planifican y evalúan políticas sociales para individuos, familias y comunidades. Actúan en servicios sociales, salud, educación, justicia, empresa, vivienda y tercer sector."
126,Empresas y Actividades Turisticas,"Grado en Turismo. Desarrollan su actividad profesional en agencias de viajes, compañías aéreas y empresas turísticas."
127,"Comunicacion Corporativa, Protocolo y Organizacion de Eventos","Título de grado en protocolo y organización de eventos. Profesionales capacitados: directores de comunicación, asesores en protocolo, técnicos en protocolo, ejecutivos de cuentas, relaciones públicas, coordinadores de empresas de catering, consultores de protocolo, planificadores de medios, directores de publicidad y gestores de intangibles."
128,Biologia 6. Estudios,"Los graduados en Biología trabajan en sanidad, medio ambiente, producción y calidad, investigación y desarrollo, formación y docencia, y servicios. Sus actividades incluyen control de plagas, análisis clínicos, evaluación de riesgos, planificación familiar, estudios demográficos, gestión ambiental, producción farmacéutica, biotecnología, conservación de flora y fauna, depuración de aguas, asesoramiento científico-técnico, análisis agroalimentario, control de calidad alimentaria, acuicultura, viveros, industria cosmética, farmacéutica y química."
129,Ciencias Experimentales,"Futuros docentes de ciencias pueden trabajar en laboratorios, museos, editoriales y medios de comunicación."
130,Nanociencia y Nanotecnologia,"Investigación y docencia en nanofabricación, biotecnología, energía y medio ambiente."
131,Ciencia y Tecnologia,"Investigadores alimentarios mejoran procesos de almacenamiento, transporte y consumo de alimentos; realizan estudios sobre composición y obtención de alimentos; trabajan en nutrición, dietética, sanidad pública e industrias alimentarias."
132,Ciencias Ambientales y Sostenibilidad,"Los graduados estudian la repercusión ambiental de cambios sociales, gestionan recursos naturales y controlan contaminantes. Pueden trabajar en depuradoras, empresas de residuos o reciclado, industrias químicas y energéticas, sector agrario y construcción."
133,Recursos Hidricos,"Los futuros graduados en Recursos Hídricos pueden trabajar en empresas y administraciones públicas, centros de investigación, educativos e incluso ejercer la profesión libre. Sus actividades incluyen gestión integral del agua, diseño de infraestructuras, operación y mantenimiento, consultoría y control de calidad."
134,Ciencias Agrarias y Bioeconomia,"Titulados en Ciencias Agrarias pueden trabajar en empresas de semillas y plantas, fertilizantes, alimentación animal, mejora genética animal, consultorías económicas, gestión cooperativas, centros científicos y administraciones públicas."
135,Fisica,"Titulados en física pueden trabajar en industrias petrolera, química y aeroespacial, o en empresas de tecnología e investigación."
136,Fisica,"Los titulados pueden trabajar en industrias petrolera, química y aeroespacial, o en empresas de tecnología e investigación."
137,Fisica e Instrumentacion Espacial,"Investigación en Física Espacial, Astrofísica e Instrumentación Espacial. Desarrollo de cargas útiles y gestión de equipos. Industria espacial y agencias como la ESA, CNES y NASA. Formación académica superior para docencia universitaria o investigación científica."
138,Fisica e Instrumentacion Espacial,"Investigación en Física Espacial, Astrofísica e instrumentación espacial. Desarrollo de cargas útiles y gestión de equipos. Industria del sector espacial y agencias como la ESA, CNES y NASA."
139,Fisica Aplicada,"Los graduados en Física Aplicada trabajan en industria, laboratorios y centros de investigación en campos como energía renovable, meteorología, materiales avanzados, óptica, biofísica e informática."
140,Fisica Aplicada,"Los graduados en Física Aplicada trabajan en industria, laboratorios y educación. Se dedican a la producción de energía, meteorología, diseño de materiales, óptica, biofísica e informática."
141,Ingenieria Fisica,"Carrera en alta tecnología, electrónica, biotecnología, telecomunicaciones, diseño de sistemas y servicios, asesoría, centros tecnológicos, investigación y docencia."
142,Ingenieria Fisica,"Carreras en alta tecnología, electrónica, nanotecnología, telecomunicaciones, biotecnología, diseño de sistemas y servicios, asesoría, centros tecnológicos, investigación y docencia."
143,Geologia Realizan: Estudios del interior y exterior de la tierra. Busqueda,"Estudio, identificación y clasificación de materiales y procesos geológicos. Investigación y control de procesos aplicados a industria, construcción, minería, agricultura y medio ambiente. Elaboración de cartografías geológicas y estudios geológicos para la producción y transformación de recursos geológicos."
144,Matematicas Aplicadas,"Matemáticos investigan y formulan sistemas matemáticos, estudian economía y estadística demográfica, y brindan asesoría técnica informática. Pueden trabajar en informática, telecomunicaciones, ingeniería aeroespacial, centros de cálculo y planificación, y la docencia."
145,Matematicas y Ciencia de Datos,"Egresados en Estudios de mercado con habilidades en encuestas, finanzas, banca y estadística oficial."
146,Bioquimica,"El Grado en Bioquímica forma profesionales para enseñanza secundaria y universitaria, investigación científica y sectores sanitario y productivo."
147,Quimica Tienen,"Graduados en Química se ocupan de métodos de producción química, diseño industrial, control de calidad, higiene y seguridad, análisis clínicos y protección del medio ambiente. Pueden trabajar en empresas químicas, farmacéuticas, sanitarias y cosméticas, así como en hospitales, Administración Pública y organismos internacionales."
148,Biologia Sanitaria,"La titulación en Biología Sanitaria se enfoca en investigación bio-médica, laboratorios clínicos, industria farmacéutica y más."
149,Enfermeria,"Enfermería en hospitales, ONG, centros penitenciarios, militar y escolar. También en residencias geriátricas, polideportivos y servicios de salud laboral."
150,Farmacia,"Farmacéuticos se ocupan de la regencia de farmacias, producción y control de calidad de productos farmacéuticos, investigación y análisis de agua potable. Pueden trabajar en oficinas de farmacia, hospitales, laboratorios, industria farmacéutica, óptica, ortopedia, dermofarmacia, radiofarmacia, empresas alimentarias e industriales."
151,Fisioterapia,"Los fisioterapeutas actuarán en tres niveles: prevención, curación y recuperación. Tendrán presencia en colegios, gimnasios, centros de salud, hospitales, residencias de la tercera edad, gabinetes privados, asociaciones y grupos de autoayuda, centros de día, centros de enseñanza, balnearios y empresas."
152,Logopedia,"Logopedas asisten a centros educativos y hospitalarios, evaluando y tratando alteraciones del lenguaje y comunicación. Trabajan en equipo con otros profesionales para coordinar el tratamiento."
153,Biomedicina,"Profesionales de Biomedicina pueden trabajar en docencia, investigación básica y aplicada, servicios científicos y regulación de ensayos clínicos."
154,Medicina,"Los médicos pueden prestar asesoramiento sobre métodos preventivos, participar en leyes y reglamentos de salud pública, dirigir centros médicos y asesorar a deportistas. Pueden trabajar en clínicas, hospitales, servicios de rehabilitación y ONGs."
155,Nutricion Humana y Dietetica,"Los dietistas-nutricionistas se ocupan del asesoramiento y gestión de la alimentación humana, investigación sobre alimentos y su impacto en el cuerpo humano. Pueden trabajar en hospitales, clínicas, residencias, escuelas, laboratorios de control de calidad de alimentos y empresas del sector alimentario."
156,Odontologia,"Un odontólogo puede trabajar en clínicas, hospitales o empresa privada, y también ejercer por cuenta propia. Se ocupa de prevención, diagnóstico y tratamiento de enfermedades bucodentales como limpieza, empaste, extracción de dientes y construcción de implantes dentales."
157,Optica y Optometria,"Graduado en óptica optometría, puede trabajar en centros de óptica, estudios y laboratorios. Está capacitado para evaluar capacidades visuales, medir rendimiento visual y prevenir problemas visuales."
158,Podologia,"Podólogos se ocupan de prevención y tratamiento de enfermedades del pie sin necesidad de médico, pueden trabajar en centros sanitarios o como profesionales autónomos."
159,Psicologia,"Los psicólogos evalúan y tratan comportamientos, características y habilidades. Trabajan en centros de salud mental, hospitales, escuelas, empresas y organismos públicos. También pueden trabajar en investigación, docencia y dirección de programas."
160,Terapia Ocupacional,"Los graduados pueden trabajar en centros de atención psiquiátrica, educación especial y más. Realizan rehabilitación terapéutica y evaluaciones para enfermos o incapacitados."
161,Veterinaria,"Profesionales que mejoran el rendimiento animal, vigilan productos alimenticios y prestan asistencia veterinaria en industrias, explotaciones ganaderas y sanidad pública."
162,Arquitectura,"Arquitectos pueden trabajar en proyectos de edificación, urbanismo, gestión urbana, consultorías técnicas y asesoramiento. Se desempeñan en estudios de arquitectura, empresas inmobiliarias, promotoras, constructoras y administraciones públicas."
163,Fundamentos de Arquitectura y Urbanismo,El grado en Arquitectura tiene un requisito adicional de superar un máster para obtener el título.
164,Arquitectura Tecnica y Edificacion,"Ingeniero de la Edificación: lleva a cabo proyectos arquitectónicos, gestiona economía y seguridad en obras, dirige ejecución y controla calidad de materiales."
165,Arquitectura Naval,"El grado en Ingeniería Naval ofrece preparación para trabajar en Administración, empresas privadas y docencia. Los graduados son valorados en campos como construcción naval, inspección marítima y energías alternativas."
166,Ingenieria Maritima,Título de grado en Ingeniería Marítima permite funciones en ámbito marítimo y otras industrias. Da acceso a títulos de Máster Universitario y ejercicio de la profesión de Ingeniero Técnico Naval.
167,Ingenieria Geomatica,"Los graduados en Ingeniería Geomática pueden ejercer como ingenieros técnicos en topografía y trabajar en cartografía, fotogrametría, teledetección, topografía, sistemas de información geográfica, construcción, minería, medio ambiente y docencia."
168,Ingenieria de las Tecnologias de la Informacion Geoespacial,"Especialistas en cartografía y análisis geográfico, incluyendo diseñadores UX, desarrolladores FrontEnd, analistas de tendencias y especialistas en teledetección. También se mencionan roles como administrador de bases de datos espaciales, ingeniero DevOps y desarrollador de soluciones Cloud."
169,Gestion y Operaciones del Transporte Aereo,"Formación general y específica para controladores de tráfico aéreo, operadores de aeronaves y gestores de compañías aéreas. Licencias otorgadas por la autoridad aeronáutica para trabajar en el espacio aéreo europeo."
170,Ingenieria en Tecnologias Aeroespaciales,"Grado en Ing. Aeroespacial sin atribuciones iniciales, pero con acceso directo a un Máster Universitario en Ingeniería Aeronáutica y ejercicio de la profesión con atribuciones posteriores."
171,Ingenieria Agricola,"El título permite actuar en producción vegetal, animal y diseño de espacios verdes. Se puede aplicar a proyectos de construcción e infraestructuras agrícolas y ganaderas. Da acceso al ejercicio de la profesión de Ingeniero Técnico Agrícola."
172,Ingenieria Agroambiental,"El Grado en Ingeniería Agroambiental ofrece acceso al Máster en Ingeniería Agronómica, abarcando campos como biotecnología, industria agroalimentaria, agua, zonas áridas y política agraria. Los graduados pueden desarrollar funciones como directores de industrias agrícolas, técnicos de I+D, asesores agrarios y analistas de componentes químicos."
173,Ingenieria Alimentaria,"Los titulados en alimentación trabajan en industrias, laboratorios y organizaciones, realizando estudios sobre composición y obtención de alimentos. Pueden ser especialistas en nutrición, técnicos de sanidad o responsables de control de calidad."
174,Ingenieria Forestal,"Estudio del aprovechamiento forestal, evaluación de impacto ambiental, repoblación y tratamientos selvícolas. Actividad profesional en explotaciones forestales e industrias relacionadas."
175,Ingenieria del Medio Natural © Comunidad de Madrid. Edicion:,"Capacitados en planificación, dirección y ejecución de estudios ambientales. Integración en equipos multidisciplinares para proyectos de medidas correctoras y vigilancia ambiental."
176,Ingenieria Ambiental,"Prevenir daños ambientales, proteger el entorno y mejorar la calidad ambiental, diseñar instalaciones eficientes y proponer tecnologías limpias para minimizar emisiones y reciclar recursos."
177,Ingenieria Quimica,"Los ingenieros químicos trabajan en diversas industrias, aplicando conocimientos para solucionar problemas eficientemente. Trabajan en proyectos de gestión, mejora de técnicas y resolución de problemas ambientales. Son profesionales versátiles y adaptados a un mercado laboral que pide esta clase de perfil."
178,Ingenieria Biomedica,"Profesional que diseña, construye y pone en marcha equipos médicos, incluyendo instrumental y programación. Participa en la venta y marketing de equipos biomédicos, entrena personal médico y técnico, mantiene y repara equipos y verifica normas de seguridad."
179,Ingenieria Civil en Construcciones Civiles,"Ingenieros civiles que se ocupan de obras, transporte, peritajes y mantenimiento. Trabajan en ingeniería, construcción, prefabricados y administraciones públicas."
180,Ingenieria Civil y Territorial,"Investigan, diseñan y supervisan construcciones de puentes, carreteras, vías férreas y sistemas de defensa contra inundaciones. También planifican transporte, gestionan recursos y asesoran urbanísticamente."
181,Transporte y Logistica,Graduados en transporte y logística para empresas de pasajeros y mercancías terrestre-marítimo-aéreo y operadores logísticos.
182,Ingenieria en Diseno Industrial y Desarrollo de Producto,"Ingenieros industriales diseñan productos y resuelven problemas en departamentos de diseño, investigación y desarrollo de empresas de construcción, mecánica, metalurgia, automoción e informática."
183,Ingenieria en Organizacion Industrial,"Egresados en Ingeniería de Organización/Industrial trabajan en puestos de responsabilidad en empresas, como directores, gestores de procesos y proyectos, o responsables de áreas como producción, mantenimiento, calidad, logística e I+D. También se desempeñan en consultoría, marketing y dirección comercial en el sector servicios."
184,Ingenieria Electrica,"Técnicos de energía eléctrica - Diseño, generación y distribución de energía eléctrica. Centrales eléctricas, industria química, metalúrgica, etc."
185,Ingenieria en Electronica y Automatica Industrial,"Profesionales que controlan y programan robots, sistemas de procesos y métodos de optimización. Trabajan en consultorías, empresas eléctricas, informáticas y mecánicas."
186,Ingenieria Mecanica,"Diseñan piezas para máquinas, estudian materiales y comportamiento, realizan análisis cinemáticos y dinámicos, calculan instalaciones industriales en sectores como mecánico, metalúrgico y químico."
187,Ingenieria en Industria Conectada,"Profesionales en automatización industrial, análisis de datos, visión artificial, ciberseguridad, sistemas inteligentes y IoT."
188,Ingenieria en Sistemas Industriales,"Capacitado para trabajar en administración pública o sector privado. Desarrollo de productos, mejora de procesos, cálculo e instalaciones, innovación, dirección y planificación."
189,Ingenieria en Tecnologias Industriales,"Graduado en Ingeniería en Tecnologías Industriales puede ser responsable de proyectos, productos o operaciones; consultor, asesor, director general o técnico en organizaciones; y también puede trabajar en planificación estratégica, calidad, producción y gestión medioambiental."
190,Ingenieria de la Energia,"Ingeniero de la Energía con buenas perspectivas laborales en sectores informático, químico y energético. Puede trabajar en empresas, administraciones o crear su propia empresa."
191,"Ingenieria de los Recursos Energeticos, Combustibles y Explosivos","Investigación minera, gestión energética, espacio subterráneo, conservación ambiental y proyectos de excavación."
192,Ingenieria en Tecnologia Minera Estos,"Investigación, valoración de recursos minerales, gestión energética y espacio subterráneo. Actividad en industria extractiva, siderurgia, metalurgia, construcción, química y reciclaje."
193,Ingenieria Geologica,"Ingenieros Geólogos analizan terrenos, estudian recursos naturales y abastecimiento de agua. Pueden ser jefes de tratamientos hidrológicos o asesores ambientales en explotaciones mineras, petrolíferas o urbanísticas."
194,Ingenieria Matematica,"La sociedad española necesita técnicas matemáticas para competir en un entorno eficiente, especialmente en Madrid donde se encuentran importantes empresas. La Ingeniería Matemática ofrece salidas profesionales como consultoría, banca y finanzas."
195,Ingenieria en Matematica Aplicada al Analisis de Datos,"Un data scientist analiza grandes cantidades de datos, utilizando técnicas matemáticas y estadísticas, para tomar decisiones informadas en empresas tecnológicas, no tecnológicas o startups."
196,Matematica Computacional,"La SIAM identifica perfiles como instituciones académicas, sector aeroespacial, químico y farmacéutico, servicios de comunicación, desarrollo de software, energía, electrónica y computadores, investigación en ingeniería, finanzas e inmobiliarias, seguro y dispositivos médicos."
197,Ingenieria de Materiales,"La Ingeniería de Materiales abarca producción, maquinaria y fabricación. Los profesionales pueden especializarse en materiales para máquinas, síntesis de materiales, construcción o reciclado. Se concentran en industrias como mecánica, eléctrica, química y metalúrgica."
198,Ingenieria Electronica de Comunicaciones,"El grado de Ingeniería de Telecomunicación ofrece acceso a la profesión regulada de Ingeniero Técnico en Telecomunicación, con aplicaciones en sectores como electrónica, telecomunicación, automoción y sector sanitario."
199,Ingenieria de Comunicaciones Moviles y Espaciales,"Coordinan construcción y explotación de sistemas telefónicos, radioeléctricos y telegráficos. Trabajan en industria eléctrica, electrónica, comunicaciones e informática."
200,Ingenieria en Sistemas Audiovisuales y Multimedia,"Coordinan construcción y explotación de sistemas telefónicos, radioeléctricos y telegráficos. Trabajan en industria eléctrica, electrónica, comunicaciones e informática."
201,Ingenieria en Sistemas de Telecomunicacion,"Futuros graduados en Ingeniería de Sistemas y Telecomunicación desarrollarán su profesión en diseño, gestión y optimización de sistemas de comunicación, redes y aplicaciones emergentes."
202,Ingenieria de Sonido e Imagen,"Futuros graduados en Ingeniería de Sonido e Imagen pueden trabajar en televisión, radio, producción de vídeo, servicios de telecomunicación y industria musical."
203,Ingenieria de Tecnologias y Servicios de Telecomunicacion,"El Grado en Ingeniería de Tecnologías de Te lecomunicación habilita para el ejercicio de la profesión regulada de Ingeniero Técnico de Telecomunicación. Las salidas profesionales son variadas, incluyendo empresas operadoras, proveedores de servicios y aplicaciones, consultoras e instituciones reguladoras."
204,Ingenieria Telematica,"Trabajan en industria eléctrica, electrónica y comunicaciones. Funciones como técnicos o jefes de circuitos, producción, mantenimiento e informática. Graduados en Ingeniería Telemática con formación sólida en redes y servicios de comunicaciones."
205,Ingenieria y Sistemas de Datos,"Ingenieros de datos con conocimientos matemáticos y analíticos. Diseño y gestión de sistemas de datos, tratamiento de grandes volúmenes de datos, toma de decisiones."
206,Ingenieria de Computadores,"La Ingeniería de Computadores es una disciplina que combina conocimientos técnicos y científicos para diseñar e implementar sistemas informáticos en empresas y organizaciones. Se enfoca en la formación continua, investigación y aplicación de tecnologías informáticas."
207,Ingenieria Informatica,"Técnicos de sistemas y bases de datos que trabajan en empresas de informática, centros de cálculo y administración pública."
208,Ingenieria Informatica Biomedica,"Trabajo en empresas tecnológicas, laboratorios de investigación, hospitales, consultoras y administraciones autonómica o nacional."
209,Ingenieria de Sistemas de Informacion,"Desarrollo de portales electrónicos, análisis de procesos de negocio, dirección de proyectos de sistemas de información, diseño e implementación de soluciones TIC y gestión de bases de datos."
210,Tecnologias para la Sociedad de la Informacion,"Diseñador y integrador de sistemas de información, consultor y especialista en soluciones de seguridad e innovación. Director de proyectos de implantación de aplicaciones y arquitecto de sistemas de información."
211,Ingenieria del Software,"Graduados en Ingeniería del Software con habilidades en desarrollo, bases de datos, gestión y liderazgo para proyectos TIC."
212,Ingenieria de la Ciberseguridad,"La ciberseguridad afecta a todas las facetas de la vida cotidiana, especialmente con el aumento de tecnologías como Cloud Computing e Internet of Things. El profesional de ciberseguridad es altamente demandado en organizaciones públicas y privadas. Las salidas profesionales incluyen administradores de seguridad, desarrolladores de aplicaciones seguras y analistas de seguridad."
213,Matematicas e Informatica,"Informática-telecomunicaciones, consultoría, ingeniería-tecnología, finanzas y servicios son los sectores con mayor oferta laboral. Los titulados pueden trabajar en investigación, desarrollo de soluciones, diseño y mantenimiento de hardware/software o en empresas de banca, finanzas y consultorías."
214,Ingenieria en Tecnologias para Animacion y Videojuegos,"Desarrolladores y diseñadores de videojuegos, técnicos y artistas para animación y efectos visuales. Tecnologías como motores gráficos e inteligencia artificial. Puestos como ingeniero de software, técnico de iluminación y diseño digital."
215,Diseno y Desarrollo de Videojuegos,"Desarrollador de aplicaciones informáticas, diseñador y desarrollador de videojuegos, arquitecto de software interactivo e ingeniero de proyectos de entretenimiento."
216,Ingenieria de Datos e Inteligencia Artificial,El mercado necesita profesionales con formación en Ciencia e Ingeniería de Datos debido a la ingente cantidad de datos disponibles. Las universidades deben adaptarse y formar a científicos e ingenieros para cubrir la demanda actual.
217,Ciencia de Datos e Inteligencia Artificial,"Capacitados en Big Data, Inteligencia Artificial y gestión de innovación para trabajar en equipos multidisciplinares en finanzas, salud, biotecnología, transporte, industria, energía, sostenibilidad y más."
218,Inteligencia Artificial,"Especialistas en tecnología digital, incluyendo ciberseguridad y blockchain, así como ingenieros de aprendizaje automático y realidad virtual."
219,Computacion e Inteligencia Artificial,"Especialistas en tecnología digital, incluyendo ciberseguridad y realidad aumentada."
220,Ingenieria Robotica Sotware,"La robótica se utiliza en industrias innovadoras para la fabricación. Tecnologías como el Aprendizaje Automático resuelven problemas críticos. La robótica se extiende a sectores productivos y servicios, incluyendo transporte inteligente, dispositivos domésticos e inspección industrial."
221,Ingenieria Robotica e Inteligencia artificial,"Ingeniero de sistemas robóticos, ingeniero de datos, analista de datos y gestor de proyectos."
